Name,Id
Yves Allegro,A293
Xavier Malisse,M680
Vladimir Voltchkov,V211
Tommy Robredo,R419
Tomas Zib,Z074
Sjeng Schalken,S572
Roger Federer,F324
Raemon Sluiter,S693
Peter Wessels,W254
Patrick Rafter,R255
Olivier Rochus,R397
Nicolas Escude,E140
Max Mirnyi,M595
Martin Damm,D214
Magnus Gustafsson,G182
Lleyton Hewitt,H432
Kristian Capalik,C522
John van Lottum,V201
Jerome Golmard,G319
Jan Siemerink,S381
Hicham Arazi,A226
Guillermo Canas,C433
Goran Ivanisevic,I034
Gilles Elseneer,E169
Edwin Kempes,K317
Dominik Hrbaty,H377
Dennis van Scheppingen,S559
Dejan Petrovic,P387
Davide Sanguinetti,S480
Arnaud Clement,C487
Antony Dupuis,D272
Andrew Ilie,I052
Rodolphe Cadart,C463
Richard Krajicek,K214
Oliver Gross,G297
Neville Godwin,G288
Mikhail Youzhny,Y061
Michael Russell,R368
Michael Kohlmann,K257
Michael Chang,C274
Martin Lee,L333
Martin Garcia,G353
Kirill Ivanov-Smolensky,I069
Kenneth Carlsen,C328
Julien Boutter,B599
Julian Knowle,K263
Ivo Heuberger,H380
Gilles Muller,MA30
Flavio Saretta,S876
Christophe Rochus,R336
Cedric Pioline,P226
Alex Calatrava,C361
Agustin Calleri,C478
Sebastien Grosjean,G379
Philipp Petzschner,P624
Paul Logtens,L546
Paradorn Srichaphan,S675
Olivier Mutis,M640
Nicolas Kiefer,K316
Martin Verkerk,V232
Mario Ancic,A385
Lars Burgsmuller,B484
Karol Beck,B804
Jurgen Melzer,M762
Jose Acasuso,A389
Jiri Novak,N254
Jan Vacek,V220
Fred Hemmes,H210
Frantisek Cermak,C445
Frank Moser,M747
Fernando Vicente,V195
Feliciano Lopez,L397
Albert Portas,P305
Yen-Hsun Lu,L575
Thierry Ascione,A356
Rainer Schuettler,S636
Nikolay Davydenko,D402
Michael Llodra,L428
Kristof Vliegen,V309
Jean-Claude Scherrer,S813
Ivo Karlovic,K336
Igor Andreev,A511
Guillermo Coria,C524
George Bastl,B503
Fernando Verdasco,V306
Alexander Popp,P395
Wayne Arthurs,A202
Tobias Klein,K840
Stan Wawrinka,W367
Robin Soderling,SA49
Philipp Kohlschreiber,K435
Paul-Henri Mathieu,M850
Mark Philippoussis,P338
Lars Uebel,U045
Karol Kucera,K237
Julien Benneteau,B747
Jonas Bjorkman,B446
Jiri Vanek,V207
Jerome Haehnel,H435
Jean-Rene Lisnard,L386
Jan Hernych,H442
Guillermo Garcia-Lopez,G476
Denis Gremelmayr,G512
Bjorn Phau,P436
Andrei Pavel,P280
Vincent Spadea,S544
Robin Vik,V247
Robin Haase,H756
Robby Ginepri,G569
Novak Djokovic,D643
Mischa Zverev,Z168
Mikhail Ledovskikh,L702
Marin Cilic,C977
Marcos Baghdatis,B837
Lukas Dlouhy,D487
Juan Carlos Ferrero,F316
Joseph Sirianni,S673
Ivo Minar,MA41
Hyung-Taik Lee,L311
Florent Serra,S963
Fabrice Santoro,S424
Alexander Waske,W300
Aisam-Ul-Haq Qureshi,Q019
Xander Spong,SI97
Wouter Standaart,S655
Thomas Schoorel,SJ63
Thiemo de Bakker,D776
Sven Swinnen,SH51
Sergio Roitman,R388
Roy Bruggeling,BF96
Rameez Junaid,J230
Philipp Marx,M935
Patrick Eichenberger,E669
Nicolas Devilder,D469
Michel Koning,K667
Michael Berrer,B678
Martijn Van Haasteren,V473
Marcin Matkowski,M844
Marc Gicquel,G436
Kristian Pless,P491
Juan Ignacio Chela,C514
Jordan Kerr,K364
Jim Thomas,T213
Janko Tipsarevic,T742
Ivan Ljubicic,L360
Gael Monfils,MC65
Franko Skugor,SF76
Ernests Gulbis,G858
Dustin Brown,BA65
Diego Hartfield,H502
Danai Udomchoke,U043
Carlos Berlocq,B884
Benjamin Becker,B896
Bart Beks,B547
Andreas Seppi,SA93
Alexander Peya,P467
Alexander Nonnekes,N425
Vladimir Obradovic,O168
Viktor Troicki,T840
Victor Hanescu,H528
Uros Vico,V256
Thomas Schoeck,SE20
Steve Darcis,D632
Sebastian Prieto,P324
Rohan Bopanna,B757
Rogier Wassen,W224
Robert Lindstedt,L335
Richard Gasquet,G628
Philipp Oswald,O305
Maxime Bonami,BE03
Matwe Middelkoop,MB88
Massimo Dell'Acqua,D361
Marius Copil,CA99
Marcel Granollers,G710
Lovro Zovko,Z104
Kevin Lietar,LA58
Juan Martin del Potro,D683
Jesse Huta Galung,H704
Grigor Dimitrov,D875
Fabio Fognini,F510
David Ferrer,F401
Andrea Agazzi,A412
Alexandre Renard,R644
Woong-Sun Jun,J263
Toshihide Matsui,M815
Scott Lipsky,L580
Sascha Kloer,K668
Philippe Brand,BF02
Peter Torebko,T911
Pablo Martin-Adalia,M021
Pablo Andujar,A596
Oscar Hernandez,H472
Michal Mertinak,M776
Mait Kunnap,K447
Julien Cassaigne,C648
Juan-Francisco Spina,SD20
Jeremy Chardy,CA12
Ivan Navarro,N309
Igor Kunitsyn,K403
Horia Tecau,T749
Holger Zuehlsdorff-Pavlovic,Z162
Filip Prpic,P567
Eric Butorac,BC35
Dusan Vemic,V205
Dudi Sela,SC56
Dick Norman,N233
Daniel Koellerer,K551
Daniel Gimeno-Traver,G676
Daniel Berta,BG16
Andrew Anderson,A438
Tiago Fernandes,F706
Simon Stadler,S944
Simon Greul,G511
Sergiy Stakhovsky,SC77
Santiago Giraldo,G725
Rajeev Ram,R548
Peter Luczak,L515
Niels Desein,D752
Marton Fucsovics,F724
Marco Chiudinelli,C582
Justin Eleveld,E764
Jarkko Nieminen,N289
Jannick Lupescu,LB54
Igor Sijsling,SF36
Henri Kontinen,KA80
Fabrice Martin,ME04
Dominik Pfeiffer,PB69
Dieter Kindlmann,K436
Denis Kudla,KB09
Daniel Brands,BC72
Clinton Thomson,T816
Alexander Sadecky,SG88
Alejandro Falla,F444
Adrien Bossel,BF27
 Bye,"0""> "
Teymuraz Gabashvili,G681
Takao Suzuki,S550
Sadik Kadir,K459
Romano Frantzen,F473
Robert Kendrick,K448
Richard Waite,W555
Ricardo Mello,M708
Nicolas Mahut,M873
Nicolas Almagro,A479
Miloslav Mecir,MF36
Michael Lux,L720
Maximo Gonzalez,G585
Ludovic Walter,W394
Konstantin Kravchuk,K776
Julian Reister,R782
Javier Marti,MI08
Ivan Dodig,D646
Filippo Volandri,V254
Dmitry Tursunov,T315
David Thurner,T897
Blaz Kavcic,K834
Andreas Haider-Maurer,H804
Andre Begemann,BA79
Alexandar Lazov,L950
Alex Bogomolov Jr.,B842
Adrian Mannarino,ME82
Yann Marti,MG54
Tatsuma Ito,I230
Ruben Ramirez Hidalgo,R383
Riccardo Ghedin,G822
Potito Starace,S843
Pierre-Ludovic Duclos,D686
Pierre-Hugues Herbert,H996
Paolo Lorenzi,L503
Nikola Mektic,MF09
Matthew Pierot,PE29
Matt Reid,R977
Mate Pavic,PF00
Malek Jaziri,J267
Lukasz Kubot,K540
Leonardo Mayer,MD56
Kirill Dmitriev,D960
Kimmer Coppejans,CG33
Juan Sebastian Cabal,C834
John-Patrick Smith,SJ55
Gibril Diarra,D935
Flavio Cipolla,C723
Evgeny Korolev,K760
Edouard Roger-Vasselin,R613
Denys Molchanov,MF71
David Pel,PE69
David Goffin,GB88
Clement Reix,R852
Christopher Kas,K406
Benoit Paire,PD31
Artem Sitak,SD23
Albano Olivetti,O411
Alban Meuffels,ML71
Vitalii Shcherba,SR71
Treat Huey,H788
Stephane Bohli,B752
Stephan Fransen,F663
Stefan Seifert,SG13
Sebastian Lavie,LB69
Rogerio Dutra Silva,SC73
Robin Kern,KB43
Roberto Bautista Agut,BD06
Ricardas Berankis,BE90
Lucas Pouille,PF39
Kevin Krawietz,KB92
John Isner,I186
Greg Ouellette,O269
Greg Jones,J361
Florin Mergea,MB27
Evgeny Donskoy,D864
Erik Chvojka,C918
Enrico Becuzzi,BB10
Dennis Novak,DB59
Damiano Di Ienno,D735
Andrey Kuznetsov,KB54
Wesley Koolhof,KC41
Vasek Pospisil,PD07
Steve Johnson,J386
Santiago Gonzalez,G551
Sander Groen,G235
Oliver Marach,M760
Michael Grant,GD13
Maximilian Dinslaken,DA17
Matthew Ebden,E690
Mats Moraing,MJ71
Martin Emmrich,E223
Lukas Rosol,R685
Lukas Lacko,L797
Kenny De Schepper,D750
Jurgen Zopp,Z254
Joao Sousa,SH90
Jan-Lennard Struff,SL28
Hiroyasu Ehara,E757
Dusan Lajovic,L987
Bradley Klahn,KA98
Aleksandr Nedovyesov,N503
Alejandro Gonzalez,G892
Tom Schonenberg,SO25
Ruben Bemelmans,BE54
Nicolas Jarry,J551
Nicholas Monroe,MB49
Max De Vroome,DC07
Marsel Ilhan,K771
Marinko Matosevic,ME05
Jordan Thompson,TC61
Jelle Sels,SO20
Illya Marchenko,ME89
Hyeon Chung,CH27
Henrique Cunha,CB58
Denis Istomin,I165
Boy Westerhof,W483
Austin Krajicek,KA00
Alexander Mannapov,MN03
Alex Kuznetsov,K737
Adrian Menendez-Maceiras,MB53
Yoshihito Nishioka,N732
Viktor Durasovic,DC76
Stefan Kozlov,KE64
Sam Querrey,Q927
Ryan Harrison,H940
Michal Konecny,K906
Matthew Barton,BH98
Inigo Cervantes,CA33
Horacio Zeballos,Z184
Ernesto Escobedo,E873
Dennis Novikov,N674
Daniil Medvedev,MM58
Bernard Tomic,TA46
Amir Weintraub,W471
Aljaz Bedene,BH09
Yuichi Sugita,SE73
Tim Smyczek,SF62
Thanasi Kokkinakis,KD46
Tallon Griekspoor,GJ37
Stefanos Tsitsipas,TE51
Soonwoo Kwon,KF17
Mitchell Krueger,KC12
Jason Jung,J380
Ilya Ivashka,I305
Egor Gerasimov,GC89
Alexandr Dolgopolov,D801
Alexander Zverev,Z355
Aldin Setkic,SF41
Yuki Bhambri,BF55
Nikoloz Basilashvili,BG23
Miliaan Niesten,N607
Max Purcell,PH71
Mackenzie McDonald,MK66
Kevin King,KB14
Donald Young,Y124
Botic van de Zandschulp,V812
Bjorn Fratangelo,F811
Bernabe Zapata Miralles,Z419
Alex Bolt,BI81
Ugo Humbert,HH26
Tommy Paul,PL56
Thomas Fabbiano,F586
Taylor Fritz,FB98
Salvatore Caruso,CE25
Mikhail Kukushkin,K926
Marcos Giron,GC88
Lorenzo Sonego,SU87
Jurij Rodionov,R09X
Jannik Sinner,S0AG
Frances Tiafoe,TD51
Filip Horansky,HA28
Emil Ruusuvuori,RH24
Cristian Garin,GD64
Borna Coric,CG80
Andrea Arnaboldi,A622
Alex de Minaur,DH58
Alejandro Davidovich Fokina,DH50
Zizou Bergs,BU13
Tim van Rijthoven,V942
Matteo Martineau,MW76
Karen Khachanov,KE29
Kamil Majchrzak,MQ75
Julian Lenz,LB51
Jesper de Jong,D0C1
Jenson Brooksby,B0CD
James Duckworth,D994
Hugo Gaston,G09O
Goncalo Oliveira,O482
Gilles Simon,SD32
Gijs Brouwer,BO10
Felix Auger-Aliassime,AG37
Dragos Nicolae Madaras,MW54
Dominik Koepfer,KE73
Brandon Nakashima,N0AE
Alejandro Tabilo,TE30
Thijmen Loof,L0FV
Rinky Hijikata,H0BH
Pavel Kotov,K09F
Noah Gabriel,G0LP
Miomir Kecmanovic,KI95
Milos Raonic,R975
Mikael Ymer,Y268
Maxime Cressy,C0BC
Marc-Andrea Huesler,HH06
Lloyd Harris,HG86
Laslo Djere,DB63
Jason Kubler,KB95
Giovanni Mpetshi Perricard,M0GZ
Edan Leshem,LD26
Arthur Rinderknech,RC91
Arthur Fils,F0F1
Andrea Vavassori,VA08
Alexei Popyrin,P09Z
Alexander Bublik,BK92
Alec Deckers,D0D2
Younes El Aynaoui,E121
Sergi Bruguera,B350
Richard Fromberg,F164
Nicolas Massu,M655
Martin Rodriguez,R251
Mariano Zabaleta,Z073
Luis Horna,H390
Karim Alami,A203
Gustavo Kuerten,K293
German Puentes,P272
Gaston Gaudio,G374
Galo Blanco,B518
Franco Squillari,S568
Francisco Clavet,C252
Fernando Meligeni,M443
Felix Mantilla,M535
David Sanchez,S677
Daniel Elsner,E155
Christian Ruud,R219
Carlos Moya,M605
Arnaud Di Pasquale,D357
Alexandre Simoni,S721
Alejandro Hernandez,H346
Alberto Martin,M590
Albert Costa,C378
Tommy Haas,H355
Nicolas Lapentti,L290
Nicolas Coutelot,C476
Markus Hipfl,H364
Magnus Norman,N250
Jacobo Diaz,D291
Hugo Armando,A311
David Nalbandian,N301
Attila Savolt,S608
Andrea Gaudenzi,G254
Albert Montanes,M824
Sargis Sargsian,S545
Miguel Gallardo-Valles,G510
Marcelo Rios,R286
Juan Antonio Marin,M578
Ivan Miranda,M783
Fernando Gonzalez,G415
Andre Sa,S604
Tomas Behrend,B545
Stefan Koubek,K310
Olivier Patience,P488
Marc Lopez,L480
Jeff Salzenstein,S564
Harel Levy,L336
Giovanni Lapentti,L430
Santiago Ventura,V251
Rafael Nadal,N409
Mariano Puerta,P372
Juan Monaco,MA21
Edgardo Massa,M714
Razvan Sabau,S535
Marcos Daniel,D339
Kevin Kim,K358
Boris Pashanski,P642
Alessio Di Mauro,D330
Stefano Galvani,G372
Martin Vassallo Arguello,V258
Juan-Pablo Guzman,G483
Johnny Hamui,H694
Jan Hajek,H571
Eduardo Peralta-Tello,PB05
Bruno Echagaray,E212
Antonio Ruiz-Rosales,R581
Werner Eschauer,E141
Pablo Cuevas,C882
Juan Pablo Brzezicki,B764
Jose Gerardo Meza,MI48
Eric Prodon,P487
Cesar Ramirez,R835
Bruno Rodriguez,R709
Thomaz Bellucci,BD20
Sebastian Rivera,R805
Sebastian Decoud,D479
Miguel Angel Lopez Jaen,L513
Luis Manuel Flores,F464
Juan-Manuel Elizondo,E232
Jose De Armas,D353
Diego Junqueira,J214
Brian Dabul,D556
Victor Romero,R373
Victor Crivoi,C856
Mauricio Astorga,A803
Manuel Sanchez,SI82
Luis Diaz-Barriga,D689
John Paul Fruttero,F378
Fred Gil,G717
Eduardo Schwank,SE66
Rui Machado,MA49
Paul Capdeville,C634
Luis Patino,PE42
Daniel Munoz de la Nava,M915
Daniel Garza,G714
Alexis Carlos,CE35
Albert Ramos-Vinolas,R772
Adrian Ungur,U061
Pere Riba,R750
Marco Aurelio Nunez,N632
Kei Nishikori,N552
Joao Souza,SG64
Florian Mayer,MB02
Facundo Bagnis,BF23
Christopher Diaz-Figueroa,D868
Alessandro Giannessi,G983
Wayne Odesnik,O234
Simone Bolelli,BA98
Nicolas Barrientos,BC76
Miguel Angel Reyes-Varela,R736
Matheson Klein,KA43
Martin Alund,A539
Diego Schwartzman,SM37
Antonio Veic,V564
Tigre Hank,H917
Takanyi Garanganga,GA48
Stephane Robert,R612
Nicolas Meister,MG84
Kevin Anderson,A678
Dominic Thiem,TB69
Daniel Kosakowski,KC11
Andy Murray,MC10
Victor Estrella Burgos,E224
Tobias Kamke,K839
Sam Groth,G940
Jimmy Wang,W373
Gastao Elias,E698
Filip Krajinovic,KB05
Chase Buchanan,BE93
Aitor Aramburu,AA72
Somdev Devvarman,D616
Radu Albot,A829
Marcelo Arevalo,A853
Lucas Gomez,GC87
John Millman,MH30
Hans Hach Verdugo,H938
Eduardo Struvay,SI36
Damir Dzumhur,D923
Andres Zepeda,Z407
Alexander Sarkissian,SL07
Nick Kyrgios,KE17
Martin Klizan,K966
Kyle Edmund,E831
Kevin Jack Carpenter,CH47
Jared Donaldson,DC58
Jack Sock,SM25
Alan Fernando Rubio Fierros,RH88
Taro Daniel,DA81
Ramkumar Ramanathan,RB56
Peter Gojowczyk,G967
Michael Mmoh,MP01
Filip Peliwo,PF65
Denis Shapovalov,SU55
Cameron Norrie,N771
Brayden Schnur,SP24
Andrey Rublev,RE44
Alex Hernandez,H0CD
Tennys Sandgren,SL08
Roberto Ortega-Olmedo,O340
Roberto Cid Subervi,CF88
Gerardo Lopez Villasenor,LG87
Federico Gaio,GB53
Emilio Nava,N0AM
Emilio Gomez,GA36
Daniel Elahi Galan,GE33
Ante Pavic,PC78
Steven Diez,D916
Sebastian Ofner,O513
Pedro Martinez,MO44
Joao Menezes,MN70
Danilo Petrovic,PE02
Daniel Altmaier,AE14
Thiago Seyboth Wild,SX91
Stefano Travaglia,TA12
Sebastian Korda,K0AH
Raymond Sarmiento,SL09
Luke Saville,SM09
Lorenzo Musetti,M0EJ
Jordi Arconada,AD49
Hernan Casanova,CG07
Henri Laaksonen,L949
Guido Ivan Justo,J0AW
Frederico Ferreira Silva,SN54
Enrico Dalla Valle,DG80
Collin Altamirano,AC84
Cedrik-Marcel Stebe,SK94
Casper Ruud,RH16
Carlos Alcaraz,A0E2
Alessandro Bega,BF98
Agustin Velotti,V620
Rodrigo Pacheco Mendez,P0J1
Pablo Carreno Busta,CD85
Oscar Otte,O449
Nicolas Mejia,M0AW
Matteo Berrettini,BK40
J.J. Wolf,W09G
Rubin Statham,SF89
Nuno Borges,BT72
Nick Chappell,CF10
Luciano Darderi,D0FJ
Jacopo Berrettini,BU10
Holger Rune,R0DG
Guido Andreozzi,A887
Gonzalo Villanueva,V821
Geoffrey Blancaneaux,BU54
Facundo Mena,MJ98
Elias Ymer,Y218
Christopher Eubanks,E865
Brandon Holt,H09P
Ben Shelton,S0S1
Alex Molcan,MV14
Todd Woodbridge,W136
Tim Henman,H336
Thomas Johansson,J129
Paul Goldstein,G333
Luke Smith,S765
Justin Gimelstob,G354
Jeff Tarango,T136
Jason Stoltenberg,S331
Greg Rusedski,R237
Christian Vinck,V175
Chris Woodruff,W212
Alun Jones,J233
Wayne Ferreira,F196
Wayne Black,B499
Todd Martin,M442
Thomas Enqvist,E113
Scott Draper,D270
Ramon Delgado,D316
Pete Sampras,S402
Michel Kratochvil,K319
Andreas Vinciguerra,V250
Alex Kim,K379
Wesley Moodie,M759
Todd Reid,R583
Taylor Dent,D362
Irakli Labadze,L439
Cyril Saulnier,S681
Brian Vahaly,V303
Tomas Berdych,BA47
Sebastien De Chaunac,D351
Radek Stepanek,S694
Paul Baccanello,B681
Marc Kimmich,K676
Joachim Johansson,J194
Amer Delic,D438
James Blake,B676
Gregory Carraz,C400
Chris Guccione,G621
Nathan Healey,H431
Go Soeda,SC47
Frank Dancevic,D499
2007.01.01,1/1/
Thomas Fancutt,FA50
Reilly Opelka,O522
Mikalai Haliak,HH15
Matthew Christopher Romios,RH69
Marc Polmans,PG94
Juan Ignacio Londero,LB84
Jaume Munar,MU94
Gregoire Barrere,BK24
Federico Delbonis,D874
Edward Winter,W0C4
Daniel Evans,E687
Bradley Mousley,MN44
Andrew Harris,HB29
Thiago Monteiro,MJ08
Roberto Carballes Baena,CF59
Maxime Janvier,J620
Juan Pablo Varillas,V836
Juan Manuel Cerundolo,C0C8
Jiri Vesely,V708
Henry Lamchinniah,L0GZ
Harri Heliovaara,H808
Gianluca Mager,ML57
Francisco Cerundolo,C0AU
Corentin Moutet,MW02
Benjamin Bonzi,BM95
Aleksandar Vukic,V832
Zhizhen Zhang,Z371
Yibing Wu,WB32
Yannick Hanfmann,H997
Roman Safiullin,SX50
Quentin Halys,HB64
Pedro Cachin,CG04
Jack Draper,D0CO
Constant Lestienne,LB66
Christopher O'Connell,O483
Hugo Nys,N670
Harry Bourchier,BJ05
Brandon Walkin,W738
Aaron Addison,AD06
Tomas Martin Etcheverry,EA24
Tomas Machac,M0FH
Oleg Ogorodov,O127
Marc Rosset,R214
Juan Balcells,B487
Andrei Stoliarov,S688
Alex Corretja,C344
Zeljko Krajan,K313
Jaroslav Levinsky,L391
Giorgio Galimberti,G334
Adrian Voinea,V166
Nicolas Thomann,T228
Nick Van Der Meer,V457
Michal Przysiezny,P701
Melle Van Gemerden,V267
Adrian Garcia,G414
Steven Korteling,K740
Radim Zitko,Z084
Michal Tabara,T243
Francesco Aldi,A340
Daniele Bracciali,B570
Ralph Grambow,G450
Philipp Hammer,H500
Nicolas Todero,T269
Melvyn Op der Heijde,O150
Maximilian Abel,A391
Mark De Jong,D790
Javier Genaro-Martinez,G608
Jasper Smit,SC03
Guillem Burniol,B975
Denis Matsukevich,MC18
Alejandro Fabbri,F434
Yuri Schukin,S809
Tomasz Bednarek,B881
Rafael Arevalo,A620
Nicolas Tourte,T323
Geert-Jan Van Dijken,V666
David Marrero,M984
Alberto Brizzi,BA08
Adrian Cruciat,C666
Jens Knippschild,K260
Yannick Mertens,MG08
Sarp Agabigun,AD04
Roman Jebavy,J321
Mohamed Safwat,SK47
Cem Ilkel,I306
Anil Yuksel,Y152
Andrei Iakovlev,Y178
Altug Celikbilek,CH05
Alexey Vatutin,V717
Alexander Kudryavtsev,K596
Riccardo Bellotti,BH76
Mirza Basic,BE67
Laurynas Grigelis,GA71
Koray Kirci,KI91
Guido Pella,PC11
Ergi Kirkin,KI48
Duckhee Lee,LE01
David Guez,G753
Yanki Erel,E0AA
Tomas Barrios Vera,BS86
Tim Puetz,PC68
Prajnesh Gunneswaran,GA94
Mukund Sasikumar,MP13
Jozef Kovalik,KC04
JC Aragone,AB71
Carlos Gomez-Herrera,G985
Vladyslav Orlov,O659
Vitaliy Sachko,SS25
Umut Akkoyun,A09R
Tristan Lamasine,LC11
Togan Tokac,T0FL
Pedja Krstin,KD70
Nicola Kuhn,KI74
Michael Vrbensky,V0B2
Mert Naci Turker,TD49
Matthias Bachinger,BC65
Lukas Klein,KI63
Lucas Miedler,MO55
Kacper Zuk,Z09D
Hugo Grenier,GF95
Dimitar Kuzmanov,KC33
Cengiz Aksu,A0AN
Andrey Golubev,G806
Andrea Pellegrino,PH64
Alexandar Lazarov,LI39
Adrian Andreev,A0AB
Yannick Maden,MH16
Vincent Millot,ME31
Vaclav Safranek,SN77
Joris De Loore,DA86
Germain Gigounon,GB13
Mathias Bourgue,BK19
Jo-Wilfried Tsonga,T786
Gleb Sakharov,SJ22
Arthur De Greef,D981
Scott Griekspoor,GC54
Antoine Hoang,HA71
Norbert Gombos,GB93
Marco Trungelliti,TA29
Hugo Dellien,DA31
Carlos Taberner,TE16
Arnaud Bovy,B0GB
Zane Khan,K0EQ
Yasutaka Uchiyama,U134
Nicholas David Ionel,I0A7
Michael Geerts,GG65
Luca Nardi,N0BG
Liam Broady,BI23
Federico Coria,CE77
Gauthier Onclin,O0A2
Nicolas Alvarez Varona,A09U
Manuel Guinard,GH33
Luca Van Assche,V0DZ
Louis Wessels,WB25
Hubert Hurkacz,HB71
Gilles Arnaud Bailly,B0QC
Evan Furness,FC26
Dominic Stricker,S0LA
Denis Yevseyev,Y171
Alexander Erler,E928
Alexander Blockx,B0PG
Yan Bondarevskiy,BV19
Hamad Medjedovic,M0JF
Grigoriy Lomakin,LG37
Beibit Zhukayev,Z09Z
Aslan Karatsev,KC56
Arslanbek Aitkulov,A0HP
Alexander Shevchenko,S0H2
Mardy Fish,F339
Marat Safin,S741
Lamine Ouahab,O207
Konstantinos Economidis,E160
Frederic Niemeyer,N291
Andy Roddick,R485
Sebastien Lareau,L226
Bob Bryan,B588
Andre Agassi,A092
Ryan Sweeting,SG87
Olivier Sajous,SF48
Niko Karagiannis,K350
Nick Lindahl,L836
Nathan Thompson,T957
Michael Shabaz,SF11
Mark Verryth,V642
Luka Gregorc,G527
John Valenti,V410
James Ward,W503
Haydn Lewis,L653
Drake Bernstein,BJ51
Chris Wettengel,W413
Cecil Mamiit,M614
Brendan Evans,E254
Benjamin Balleret,B946
Wil Spencer,SI72
Phillip Simmonds,SD01
Nathaniel Schnugg,SI16
Mac Styslinger,SN72
Karlis Lejnieks,L698
Jack Anton,AA23
Guillermo Gomez-Diaz,G934
Gabriel Townes,TC25
Erik Graves,G868
Colin Fleming,F454
Austin Smith,SM74
Alfredo Krywacz,KD25
Sergei Bubka,BC11
Rik De Voest,D424
Ricardo Hocevar,H693
Olivier Charroin,C736
Nathan Pasha,PE00
Mbonisi Ndimande,N637
Luiz Inaimo,I339
Luca Margaroli,MJ69
Judd Motz,MO24
Juan-Carlos Spir,SG54
Ignacio Taboada,T997
Eric Sock,SQ55
Dean O'Brien,O420
David Span,SQ54
Catalin-Ionut Gard,G493
Brian Baker,BA23
Bradley Cox,CB51
Tyler Hochwalt,H836
Takura Happy,HC18
Saketh Myneni,ME64
Rhyne Williams,W522
Prakash Amritraj,A487
Patrick Davidson,DA01
Nathan Rakitt,RB77
Mitchell Frank,F733
Marcelo Demoliner,D833
Jeff Dadamo,D716
Jean-Yves Aubone,A759
Christian Harrison,HB05
Andrew Carter,CG49
Ryan Shane,SQ48
Neal Skupski,SL22
Michael Venus,V576
Korey Lovett,LD81
Ken Skupski,SC40
Fritz Wolmarans,W421
Becker O'Shaughnessey,O558
Walker Duncan,DF98
Trent Bryde,B09A
Shuichi Sekiguchi,SL92
Ryan Haviland,H624
Evan Song,SP05
Lloyd Glasspool,GD08
Pol Wattanakul,W723
Jeevan Nedunchezhiyan,N480
Brydan Klein,K964
Noah Rubin,RC96
Kiranpal Pannu,P0ED
Garrett Johns,J0B5
Evan King,KB37
Emil Reinberg,RH79
Mikael Torpegaard,TC12
Cole Gromley,G0FZ
Yosuke Watanuki,WB08
Samir Banerjee,B0I6
Bruno Kuzuhara,K0HN
Borna Gojo,GH92
Andres Martin,M0NP
Shintaro Mochizuki,M0HU
Keshav Chopra,C0GG
Juncheng Shang,S0RE
Gabriel Diallo,D0F6
Ethan Quinn,Q02L
Arthur Cazaux,C0H0
Alex Michelsen,M0QI
2009.11.23,11/2
2010.11.22,11/2
2011.11.21,11/2
2012.11.05,11/5
2013.11.04,11/4
2014.11.10,11/1
2015.11.16,11/1
2016.11.14,11/1
Marzio Martelli,M543
Mark Nielsen,N267
Jan-Michael Gambill,G352
Glenn Weiner,W217
Byron Black,B397
Andrei Medvedev,M475
Daniel Willman,W365
Simon Rea,R615
G.D. Jones,J284
Federico Luzzi,L395
Daniel King-Turner,K688
William Ward,W460
Wesley Whitehouse,W272
Tomas Cakl,C585
Mikal Statham,SG78
Matt Simpson,SD83
Martin Colenbrander,CB33
Laurent Recouderc,R628
Kyu Tae Im,I145
Jamie Baker,BA53
Jacob Adaktusson,A305
David Skoch,S552
Austen Childs,CB41
Adam Thompson,T389
Sam Warburg,W361
Sam Gould,G980
Leos Friedl,F299
Jesse Levine,L799
Gianluca Naso,N437
David Martin,M778
Conor Niland,N349
Adam Vejmelka,V377
Roman Borvanov,BD00
Michael Lammer,L523
Mathieu Rodrigues,R851
Marcus Daniell,D763
Jonathan Dasnieres de Veigy,D729
Jaroslav Pospisil,P605
Francesco Piccari,P471
Finn Tearney,TA04
Colin Ebelthite,E629
Bobby Reynolds,R483
Alexander Flock,F432
Tsung-Hua Yang,T982
Pedro Clar-Rossello,C853
Pablo Santos,SB15
Marcelo Melo,M919
Logan Mackenzie,MI55
Jan Minar,M800
James Lemke,L900
Guillermo Olaso,O327
Carlos Poch-Gradin,P646
Bruno Soares,S938
Sergio Gutierrez-Ferrol,G935
Raven Klaasen,K609
Philip Bester,BC68
Marco Crugnola,C968
Izak Van der Merwe,V379
Ilya Belyaev,BF25
Dusan Lojda,L801
Charles-Antoine Brezac,BF45
Jaden Grinter,GD73
Arnau Brugues-Davi,BA77
Anton Bettink,BJ28
Sam Matheson,MP16
Jerzy Janowicz,J397
Grega Zemlja,Z189
Frederik Nielsen,N390
Denis Zivkovic,Z178
Ross Hutchins,H635
Rhett Purcell,PL36
Maxime Chazal,CD00
Hiroki Kondo,K457
Enzo Couacaud,CG94
Daniel Brown,BM00
Ben McLachlan,MO07
Alexander Klintcharov,KG53
Ti Chen,C813
Luca Vanni,V495
Liang-Chi Huang,HA03
Jules Marie,MK26
Blaz Rola,RA51
Robert Farah,F525
Chung Hyo Woo,W613
Masato Shiga,SL81
Krisjanis Stabins,SH32
Sam Barry,BH22
Liam Caruana,CO06
Finn Reynolds,R0CG
Ajeet Rai,R0DC
Roberto Marcora,MJ01
Maximilian Marterer,MN13
Marco Cecchinato,CF01
Daniel Masur,MN20
Sebastian Baez,B0BI
Jiri Lehecka,L0BV
Jan Choinski,CH12
Chun-Hsin Tseng,T0AP
Yevgeny Kafelnikov,K267
Todd Perry,P485
Stephane Huet,H284
Slava Dosedel,D198
Ota Fukarek,F292
Nenad Zimonjic,Z072
Matthew Breen,B585
Markus Hantschk,H366
Marcos Ondruska,O098
Ladislav Svarc,S772
Gianluca Pozzi,P045
David Prinosil,P273
Daniel Nestor,N210
Bohdan Ulihrach,U032
Alex O'Brien,O099
Todd Larkham,L257
Noam Okun,O133
Jean-Francois Bachelot,B562
Jaymon Crabb,G386
Jack Brasington,B660
Daniel Vacek,V141
Axel Pretzsch,P353
Vadim Kutsenko,K308
Ryan Henry,H596
Renzo Furlan,F192
Magnus Larsson,L206
Julien Varlet,V206
Jeff Morrison,M805
Gouichi Motomura,M531
Roko Karanusic,K371
Zack Fleishman,F337
Pavel Snobel,S799
Jean-Christophe Faurel,F344
Bjorn Rehnquist,R364
Yohny Romero,R361
Tobias Summerer,S990
Tobias Clemens,C611
Thiago Alves,A410
Teodor-Dacian Craciun,C546
Simone Vagnozzi,V339
Scott Oudsema,O252
Satoshi Iwabuchi,I054
Sasa Tuksar,T760
Robert Smeets,SD56
Richard Bloomfield,B977
Pavol Cervenak,CA22
Mathieu Montcourt,MB84
Marc Fornell-Mestres,F375
Leonardo Azzaro,A303
Julio Silva,S877
Julien Jeanpierre,J164
Joshua Crowe,CA46
Jonathan Marray,M983
Jesse Witten,W387
Jan Mertl,MA38
Ivo Klec,K512
Ilija Bozoljac,BA57
Gorka Fraile,F313
Dominik Meffert,M836
Brian Wilson,W360
Andrew Coelho,C967
Andrea Stoppini,S842
Andre Ghem,G602
Alexandre Sidorenko,SD78
Alexander Satschko,SB34
Alex Bogdanovic,B929
Alan Mackin,M820
Adam Feeney,F491
Thomas Oger,O195
Scoville Jenkins,J290
Phillip King,K409
Miles Armstrong,A806
Michael Ryderstedt,R632
Michael Quintero,Q017
Martin Slanar,S893
Martin Fischer,F580
Marko Tkalec,T264
KJ Hippensteel,H469
Juan-Martin Aranguren,A502
Josselin Ouanna,O264
Gustavo Marcaccio,M812
Gary Lugassy,L657
Gabriel Trujillo-Soler,T296
Farrukh Dustov,D551
Dawid Olejniczak,O253
Carsten Ball,BD59
Benedikt Dorsch,D385
Augustin Gensse,G695
Andrew Thomas,T971
Andis Juska,J259
Victor Ionita,I094
Rainer Eitzinger,E196
Peter Polansky,PB22
Mikhail Elgin,E180
Michael Yani,Y070
Matteo Marrai,ME17
Louk Sorensen,SD69
Josh Goodall,G744
Giancarlo Petrazzuolo,P529
Diego Alvarez,A366
Dane Propoggia,PC29
Brendan Mckenzie,MI09
Andreas Beck,BA86
Alexander Slabinsky,SE83
Todd Widom,W359
Sean Berman,BH04
Ryler DeHeart,D617
Reda El Amrani,E655
Lester Cook,C768
Lars Poerschke,P735
Karim Maamoun,M744
Kaden Hensel,H933
Jose Checa-Calvo,C866
Ivan Sergeyev,SE69
Guillaume Rufin,RA17
Goran Tosic,T310
Evgeny Kirillov,K777
Dayne Kelly,KA22
Benjamin Mitchell,MK40
Timo Nieminen,N313
Sebastian Rieschick,R758
Romain Jouan,J338
Nikola Ciric,C706
Michael McClune,MF57
Maverick Banes,BH87
Matteo Viola,V490
Matteo Trevisan,T948
Marek Semjan,SH08
Leonardo Tavares,T771
Laurent Rochette,R822
Guillermo Alcaide,A656
Gregoire Burquier,BC36
Florian Reynet,R895
Bastian Knittel,K624
Andrej Martin,MF35
Alexander Lobkov,LA45
Uladzimir Ignatik,I236
Michael Look,L837
Maxime Teixeira,T999
Maxime Authom,A789
Kamil Capkovic,C786
Guilherme Clezar,CC32
Gerard Granollers,G922
Caio Zampieri,Z198
Axel Michon,MI11
Ze Zhang,Z272
Nicolas Renavand,R588
Julio Cesar Campozano,C775
Jonathan Eysseric,E678
Jacob Grills,GE73
Hiroki Moriya,MI01
Hans Podlipnik-Castillo,PB37
Fabiano De Paula,D815
Di Wu,W571
Christopher Rungkat,R862
Valery Rudnev,R790
Toni Androic,A837
Theodoros Angelinos,A584
Lorenzo Giustino,GA79
Kristijan Mesaros,MF90
Jordi Samper-Montana,SH91
James McGee,MG47
Grzegorz Panfil,PB13
Enrique Lopez Perez,LA93
Daniel Cox,CB14
Blake Mott,MM79
Andrew Whittington,W630
Akira Santillan,SQ80
Tomislav Brkic,BE68
Omar Jasika,J553
Nils Langer,L908
Mate Delic,DA89
Laurent Lokoli,LC12
Jarmere Jenkins,J393
Gonzalo Lama,LB07
Gianni Mina,MJ89
Gerald Melzer,MI43
Gavin Van Peperzeel,V784
Adam Pavlasek,PG32
Zhe Li,L733
Yan Bai,BE69
Renzo Olivo,O376
Oriol Roca Batalla,RB60
Oliver Anderson,AD23
Michael Linzer,L941
Matteo Donati,DA67
Jose Pereira,PC09
Jan Satral,SK67
Dmitry Popko,PG20
Darian King,KC86
Daniel Nguyen,N555
Connor Smith,SM38
Calvin Hemery,HB48
Bastian Trinker,T984
Zdenek Kolar,KH56
Yuya Kibi,KA46
Yannik Reuter,RA82
Stefano Napolitano,N679
Sekou Bangoura,BH02
Scott Jones,J0A6
Pedro Sousa,S483
Nikola Milojevic,MM66
Nicolas Kicker,KC29
Miljan Zekic,Z246
Matija Pecotic,PH42
Marko Tepavac,TC11
Jose Hernandez-Fernandez,H896
Jeremy Jahn,J400
Zsombor Piros,P09O
Viktor Galovic,GB61
Sumit Nagal,N897
Ricardo Ojeda Lara,O408
Karim-Mohamed Maamoun,MJ70
Joao Monteiro,MM60
Joao Domingues,D985
Blake Ellis,EA27
Andrea Collarini,CC66
Rudolf Molleker,M0AC
Jay Clarke,CI14
Gianluigi Quinzi,Q948
Gian Marco Moroni,MP83
Filippo Baldi,BM03
Alexander Crnokrak,C0A0
Tung-Lin Wu,W857
Tristan Schoolkate,S0N0
Thai-Son Kwiatkowski,KD35
Mario Vilella Martinez,V824
Juan Pablo Ficovich,FA43
JiSung Nam,N652
Elliot Benchetrit,BT68
Alexandre Muller,MP20
Ulises Blanch,BV27
Li Tu,TC01
Felipe Meligeni Alves,MW75
Evgeny Karlovskiy,KD87
Dane Sweeny,S0IA
Attila Balazs,BD80
Vit Kopriva,KI82
Timofey Skatov,S0GR
Thiago Agustin Tirante,T0A1
Philip Sekulic,S0TI
Nino Serdarusic,SP80
James McCabe,M0OQ
Harold Mayot,M0G4
Franco Agamenone,AA27
Flavio Cobolli,C0E9
Camilo Ugo Carabelli,U182
Yu Hsiou Hsu,H09F
Santiago Rodriguez Taverna,RH59
Ryan Peniston,PH78
Rio Noguchi,N09U
Riccardo Bonadio,BI47
Raul Brancaccio,BV24
Paul Jubb,J0A4
Otto Virtanen,V0AM
Oleksii Krutykh,K0DP
Nicolas Moreno De Alboran,MW18
Nick Hardt,H0A4
Mattia Bellucci,B0GG
Matteo Arnaldi,A0FC
Matheus Pucinelli De Almeida,P0DF
Leandro Riedi,R0FS
Kaichi Uchida,U120
Jeremy Jin,j0d4
Giulio Zeppieri,Z0A1
Genaro Alberto Olivieri,O660
Francesco Passaro,P0CT
Francesco Maestrelli,M0IF
Filip Misolic,M0JZ
Facundo Diaz Acosta,D0CG
Fabian Marozsan,M0CI
Derek Pham,p0kj
Dalibor Svrcina,S0GD
Antoine Escoffier,E768
Antoine Bellier,BP41
Alexis Galarneau,GK06
Alexander Ritschard,RC04
Aleksandar Kovacevic,K0AZ
Adam Walton,sr:c
Sonchat Ratiwatana,R519
Petr Luxa,L353
Jonathan Erlich,E152
Andy Ram,R399
Arvind Parmar,P398
Weerapat Doakmaiklee,D684
Sornsakol Supakit,SC74
Pongsiri Niroj,N433
Pongphun Chimdee,CC48
Pitichart Chokchaijaroen,CB88
Peerakit Siributwong,SH06
Peerakiat Siriluethaiwattana,SG66
Norikazu Sugiyama,S760
Niwat Weawboot,W567
Kittipong Wachiramanowong,W481
Katsushi Fukuda,F334
Jeff Coetzee,C493
Harshana Godamanna,G706
Dmitri Sitak,SA81
Chris Haggard,H340
Ashley Fisher,F304
Marko Djokovic,D893
Warut Korkiatthaworn,KA72
Vorachit Runglertmaneepong,RB47
Tasuku Iwami,I063
Sanchai Ratiwatana,R518
Rewat Kitprasertsakul,KC69
Pongsatorn Benjamas,BF94
Pitchaya Limpimprorh,L979
Levar Harper-Griffith,H507
Kirati Siributwong,SF21
Deivids Juksa,J473
Phassawit Burapharitta,BI17
Kong Pop Lertchai,LB56
Dane Chuntraruk,CB11
Adirek Khundarnpinitvon,KB89
Wishaya Trongcharoenchaikul,TB70
Warit Sornbutnark,SO02
Kelsey Stevenson,SM18
Aviruth Phaphui,PG74
Vijay Sundar Prashanth,PA97
Teeradon Tortrakul,TC72
Pruchya Isaro,I326
Nuttanon Kadchapanan,KB80
Nattan Benjasupawan,BJ57
Kovit Ratanaphet,RD41
Jean-Julien Rojer,R513
Jamie Murray,MC81
Grittaboon Prahmanee,PD26
Chayanon Kaewsuto,KE43
Watcharaphong Iam La-Or,I351
Suk-Young Jeong,J452
Punnakrit Kritakara,BK41
Karunuday Singh,SK02
Jui-Chen Hung,HA89
Hufu Wang,W664
Valentin Vacherot,VA25
Nerman Fatic,F840
Dino Prizmic,P0HW
Abdullah Shelbayh,S0NV
Marcelo Charpentier,C375
Alberto Berasategui,B428
Didac Perez,P524
Daniel Melo,M611
Carlos Cuadrado,C556
Salvador Navarro,N259
Gaston Etlis,E138
Francisco Fogues,F303
Bartolome Salva-Vidal,SC95
Javier Garrapiz-Borderias,G921
Ignacio Coll-Riudavets,C993
Manuel Jorquera,J158
Jose Antonio Sanchez-de Luna,SC19
Hector Ruiz-Cadenas,R640
Guillermo Alcorta-Olarra,A824
Enrico Burzi,BC62
Jorge Aguilar,A457
Christian Lindell,LA94
Juan Lizariturry,L996
Oscar Sabate-Bretos,SF93
Pol Toledo Bague,TC09
Facundo Arguello,A941
Richard Becker,BG63
Marek Michalicka,MF78
Jaume Pla Malfeito,PG13
Eduard Guell Bartrina,GJ62
Yannick Jankovits,J347
Ivan Nedelko,N561
Carlos Gimeno Valero,G0AV
Nikolas Sanchez Izquierdo,S0GZ
Max Alcala Gurri,A0EA
Daniel Rincon,R0FP
Alexis Gautier,GJ05
Pol Martin Tiffon,M0EA
Matteo Gigante,G0GD
Martin Landaluce,L0IL
Marek Gengel,G09C
Alex Marti Pujolras,M0EY
Slobodan Mavrenski,MD28
Roman Valent,V311
Robin Roshardt,R883
Riad Sawas,S896
Mohammed Fetov,F480
Martin Vacek,V346
Kiantki Thomas,T353
Jean-Michel Pequery,P418
Ibrahim Fetov,F644
Frederic Nussbaum,N511
Frank Wintermantel,W480
Fabian Roetschi,R512
Bastian Grundler,G773
Yannick Thomet,T974
Sandro Ehrat,E780
Johan Nikles,N830
Adrian Bodmer,BK12
Jerome Kym,K0EP
Mariano Hood,H322
Kalle Flygt,F290
Johan Settergren,S709
Fredrik Jonsson,J148
Dmitry Vlasov,V296
Marcus Sarstrand,S751
Henrik Andersson,A280
Federico Browne,B516
Mathias Hellstrom,H382
Ervin Eleskovic,E639
Mohammad Ghareeb,G531
Tim Goransson,G861
Thomas Kromann,K846
Stian Boretti,B741
Robin Fahgen,F593
Robin Brage,BB25
Rickard Holmstrom,H632
Rasmus Moller,MG96
Phil Stolt,SA84
Patrik Rosenholm,R931
Pablo Figueroa,F502
Otto Sauer,SF84
Oskar Pallin,PA74
Mikael Ekman,E634
Markus Eriksson,E688
Juho Paukku,PA15
Jonas Berg,BC71
Johan Brunstrom,B908
Henrik Norfeldt,N506
Erling Tveit,T867
David Nylen,N491
Daniel Kumlin,K870
Carl Bergman,BE77
Robert Lindberg,L200
Robert Gustafsson,G672
Patrik Brydolf,BG48
Henrik Soderberg,SD16
David Nord,N546
Arvid Puranen,PB21
Tobias Blomgren,BH94
Milos Sekulic,SJ15
Jonas Pontus Norberg,N631
Jesper Brunstrom,BF41
Jeffrey Mira Svensson,MJ82
Anders Lindstrom,L800
Stefan Borg,BD34
Petru-Alexandru Luncanu,L872
Lucas Renard,RB49
Filip Polasek,PA46
Filip Bergevi,BL61
Claudio Rivera,RB50
Andreas Siljestrom,SC54
Ziad Sultan,SK85
Simon Norenius,N708
Robin Olin,O459
Jacob Johansson,J500
Fred Simonsson,SP25
Carlos Calderon-Rodriguez,CA42
Andrei Gorban,G642
William Boe-Wiegaard,BF95
Photos Kallias,K528
Kalle Averfalk,AB11
Johan Backstrom,BJ56
Isak Arvidsson,AB12
Igor Tubic,TB42
Giorgio Portaluri,PD04
Abdullah Maqdes,MB94
Philip Moebius,MP51
Nima Madani,ML07
Morgan Johansson,J507
Micke Kontinen,KB56
Jonathan Mridha,MM78
Joachim Bjerke,BM15
Francesco Vilardo,V656
Filip Karlsson,KE81
Daniel Windahl,W739
Henrik Sillanpaa,SI74
Gustav Hansson,HB55
Florian Barth,BJ44
Carl Soderlund,SX81
Stefan Lindmark,LB62
Sam Taylor,TE33
Robin Stanek,SO86
Oscar Mesquida Berg,MQ09
Maxim Dubarenco,DA02
Martin Pedersen,PB29
Daniel Glancy,GA84
Daniel Appelgren,AD41
Andre Goransson,GE03
Nikola Cacic,CC54
Marco Bortolotti,BH08
Juan Ignacio Galarza,GD91
Dragos Dima,DA13
Roberto Quiroz,Q941
Julian Ocleppo,O507
John Hallquist Lithen,H0E7
Oscar Jose Gutierrez,GC17
Leo Borg,B0JG
Karl Friberg,F09J
Max Dahlin,D0I5
Yu Jr. Wang,W291
Hao Lu,L660
Ben-Qiang Zhu,Z096
Shao-Xuan Zeng,Z151
Peng Sun,SC92
Amir Hadad,H385
Xin-Yuan Yu,Y105
Yu Chang,CA82
Wan Gao,G880
Shuang-Qiang Liang,L846
Peng Gao,G905
Ming Li,L868
Mao-Xin Gong,G876
Lei Gao,G981
Jun-Chao Xu,X011
Hyun-Woo Nam,N430
Hui Zhang,Z183
Gregory Howe,H526
Ye Du,D820
Ya-Nan Ma,MH61
Sa Chen,CC51
He Feng,F808
Chuhan Wang,W614
Bowen Ouyang,O427
Xin Gao,G820
Yecong He,HB59
Djordje Djokovic,DB44
Rigele Te,TG30
Fajing Sun,SX90
Jie Cui,C0AJ
Komlavi Loglo,L596
Devin Mullings,MC19
Vladimir Pavicevic,P371
Pavel Chekhov,CA93
David Savic,SE15
Darko Madjarovski,MB07
Arsenije Zlatanovic,Z245
Travis Rettenmaier,R616
Sasa Stojisavljevic,SH15
Dejan Katic,K767
Antonio Sancic,SI06
Aleksander Slovic,SA68
Sergey Betov,BD82
Martin Rmus,R776
Daniele Giorgini,G528
Miki Jankovic,J513
Matej Sabanov,SL51
Marko Rajic,RB29
Ivan Sabanov,SL50
Gabriel Moraru,MA36
Boris Conkic,C990
Adam Kellner,K803
Nikola Djosic,D0JH
Jakub Mensik,M0NI
Marko Miladinovic,M0CG
Marko Topo,T0FI
Ronald Agenor,A006
Oscar Serrano,S676
Orlin Stanoytchev,S519
Miguel Tobon,T133
Mauricio Hadad,H256
Juan Albert Viloca-Puig,V161
Ignacio Hirigoyen,H365
Emilio Benfele Alvarez,A190
Diego Moyano,M538
Sergio Galdos,GA46
Pedro Pablo Ruiz,RB11
Mateo Andres Ruiz Naranjo,RC33
Jamie Cerretani,C922
Felipe Rojas,R748
Felipe Mantilla,MJ88
Carlos Salamanca,SB28
Barlaham Zuluaga Gaviria,Z381
Adil Shamasdin,SB92
Steffen Zornosa,Z264
Sebastian Lopez,LA43
Pablo Tellez,TC38
Manuel Arias,AC74
Juan Montes,MP33
Juan Espinel,EA16
Jose Fernando Carvajal Torres,CG92
Divij Sharan,SD46
Rodrigo Echavarria,EA25
Ricardo Pabon Cuesta,PM54
Juan Sebastian Gomez,GB41
Juan Jose Mateus Rubiano,MM46
Jose Daniel Bendeck,BE44
Jesus Francisco Felix,F640
Daniel Mora,MU08
Camilo Andres Erazo,EA23
Andres Molteni,ME56
Alejandro Mendoza,ME70
Alejandro Gomez,GB42
Mark Richards,RB23
Joel Lindner,L951
Jarryd Chaplin,CD94
Isaac Frost,F634
Andrew Mcleod,MK45
Scott Puodziunas,PE39
Paul Hanley,H421
Emilien Firmin,F787
Solon Peppas,P350
Marc-Kevin Goellner,G252
Ion Moldovan,M600
Gabriel Trifu,T199
Dinu Pescariu,P254
Juan Giner,G400
Mariusz Fyrstenberg,F364
Viorel-Catalin Ciobanu,CA61
Victor Stanica,SG00
Thomas-Cristian Hodel,H841
Marcel-Ioan Miron,MA10
Laurentiu Erlic,E672
Hidekazu Ina,I098
Costin Paval,PC43
Artemon Apostu-Efremov,A392
Alin-Mihai Constantin,CB04
Alexandru-Raul Lazar,L802
Alexandru-Daniel Carpen,C996
Adrian Gavrila,G647
Valentin Mihai,MH59
Robert Varga,V556
Jeroen Masson,M867
Ilie-Aurelian Giurgiu,G802
Bogdan Andrii,A825
Vlad-Cristian Smighelschi,SN07
Valentin Palas,PC54
Tudor Dumitrescu,D961
Sergiu Margarit,MK89
Robert Coman,CB76
Paul-Mihai Puscasu,PB12
Mihai Badescu,BI75
Ioan Farcas,F794
Catalin-Petre Nedelescu,N616
Andrei Savulescu,SJ71
Adrian-Marin Dancescu,D846
Adnan Al Mahmoud,A703
Victor-Mugurel Anagnastopol,A633
Sebastian Padure,PF52
Daniel Smethurst,SI57
Andrei Mlendea,MB26
Andrei Ciumac,CA60
Alexander Ward,W579
Tudor Sulea,SP64
Teodor Nicolae Marin,MJ03
Patrick Grigoriu,GC44
Mihaita Daniel Damian,DB79
Luca George Tatomir,TC13
Llaurentiu-Ady Gavrila,GA02
Darius Florin Bragusi,BJ43
Ciprian Alexandru Porumb,PE84
Andrei Cociasu,CF52
Alexandru Catalin Marasin,MJ10
Vasile-Alexandru Ghilea,GC52
Sebastian Kraila,K941
Christian Marian,MN92
Andrei Stefan Apostol,AB64
Patrick Ciorcila,CG40
Tihomir Grozdanov,G925
Andrei Patrui,PJ10
Andras Szekely,SP07
Victor Vlad Cornea,CF25
Vasile Antonescu,A943
Philipp Davydenko,D908
Bogdan Ionut Apostol,AB90
Florian Valsot,V531
Bogdan Borza,BL78
Peter Nagy,N729
Mate Valkusz,VA70
Hernan Gumy,G247
Leonardo Olguin,O117
Cristian Villagran,V298
Leandro Migani,MB60
Juan-Pablo Villar,V329
Franco Ferreiro,F433
Marcel Felder,F392
Lionel Noviski,N348
Juan-Pablo Amado,A674
Daniel Dutra da Silva,SG56
Andres Dellatorre,D437
Pablo Galdon,G817
Guillermo Duran,D787
Gonzalo Tur,T881
Facundo Lugones,LA06
Nicolas Pastor,PD44
Maximiliano Estevez,E708
Kevin Konfederak,KB42
Fernando Romboli,R960
David Souto,SK06
Young Seok Kim,KF15
Mauricio Perez Mota,PF13
Matias Rodolfo Buchhass,BL58
Martin Rondina,RB31
Luciano Doria,DA44
Juan Pablo Paz,PG69
Juan Manuel Matute,MM32
Juan Ignacio Iliev,I335
Franco Feitt,F858
Francisco Bahamonde,BK68
Tomas Lipovsek Puches,LC58
Manuel Pena Lopez,PJ32
Juan Bautista Otegui,O09S
Pedro Sakamoto,SL94
Orlando Luz,LF26
Nicolas Alvarez,AC58
Federico Agustin Gomez,GJ16
Francesco Forti,F0A4
Petr Kralert,K349
Olivier Malcor,M601
Mounir El Aarej,E159
Mehdi Tahiri,T200
Chemseddine Belal,B670
Vincenzo Santopadre,S413
Talal Ouahabi,W238
Stefano Pescosolido,P235
Mehdi Ziadi,Z163
Eric Taino,T209
Tomislav Peric,P597
Slimane Saoudi,S773
Younes Rachidi,R847
Rabie Chaki,C663
Mohamed Saber,SE07
Anas Fattar,F569
Saad Benkirane,BF60
Reda Karakhi,K980
Omar Erramy,E730
Omar Aboushalam,A938
Badr Bouabdellah,BB64
Andres Schneiter,H379
Ahmed Moumni,MH71
Rafael Mazon-Hernandez,MI75
El Mehdi Wasfy,W517
Ali El Alaoui,A630
Mohcine Roudami,R771
Mehdi Benhammou,BD73
Hamza Aglaib,AA17
Yassine Idmbarek,I201
Hicham Khaddari,KB07
Andrey Kumantsov,K861
Khalid Allouch,AB52
Eric Scherer,SA59
Ayoub Chakrouni,CG73
Abdelkader Benabdellah,BK23
Youssef Tamimount,TB98
Soufiane Sahli,SR48
Omar El Hizaz,E654
Mohamed Ali Kraimi,KE46
Mohamed Adnaoui,AA78
Michal Schmid,SJ52
Nizar Belmati,BK56
John Peers,PC96
Taha Tifnouti,TC02
Mehdi Jdi,J399
Maxime Hamou,HB35
Jean-Marc Werner,W586
Florent Diep,DA59
Alexandr Kushakov,KC50
Takuto Niki,N598
Su Hao Zhong,Z368
Zihao Xia,X015
Yusuke Takahashi,TF58
Renta Tokuda,TD55
Mahesh Bhupathi,B471
Lionel Roux,R280
Leander Paes,P269
Fazaluddin Syed,F329
Thomas Dupre,D370
Karan Rastogi,R704
Harsh Mankad,M699
Vishal Uppal,U044
Vishal Punna,P592
Stephen Amritraj,A536
Ravishankar Pathanjali,P595
Pavel Ivanov,I090
N.Sriram Balaji,N558
James Auckland,A373
Ashutosh Singh,SC68
Vinod Sridhar,S913
Vikram Reddy B,RA78
Vignesh Peranamallur,PC36
Sunil-Kumar Sipaeya,SC63
Sanam Singh,SG33
Ronak Manuja,MI62
Rohan Gide,G881
Rohan Gajjar,G716
Ranjeet Virali-Murugesan,V502
Purav Raja,R823
Naveen Saai,SM00
Navdeep Singh,SG79
Abhijeet Tiwari,TA75
Vishnu Vardhan,V505
Mohit Mayur Jayaprakash,J465
Shahbaaz Khan,KC44
Rupesh Roy,R762
Daniel Puttkammer,P606
Andreas Gremelmayr,GD27
Akash Wagh,W541
Ajai Selvaraj,SF29
Neeraj Elangovan,E832
Vijayant Malik,MH48
Sidharth Rawat,RB86
Elwin Antony,AA60
Ashwin Vijayragavan,V619
Arjun Kadhe,KD43
Vinayak Sharma Kaza,SM71
Suraj R Prabodh,PH19
Raswant Ravi,RG95
Rahul robinson Manoah,MU91
Niki Kaliyanda Poonacha,KH77
Lakshit Sood,SM23
Fahad Mohammed,MP87
Chandril Sood,SL55
Justin Kronauge,K891
Denes Lukacs,L831
Alberto Francis,F376
Devin Britton,BF17
Eric Quigley,Q945
Devin McCarthy,ML83
John McNally,MW84
Oscar Moraing,M0ES
Noam Behr,B440
Helge Koll,K307
Rasmus Norby,N415
Matias Franco Descotte,DB93
Mariano Kestelboim,KE69
Fermin Tenti,T0AF
Mariano Navone,N0BS
Mashiska Washington,W214
Jamie Delgado,D289
Jaime Oncins,O076
Francisco Costa,C397
Hermes Gamonal,G375
Pedro Braga,B478
Tiago Lopes,L812
Pier Marco Pieracciani,PB55
Nicolas Santos,SG29
Marcelo Michelucci,MF06
Helio Sileman,SB37
Vasilis Mazarakis,M854
Andre Baran,BF72
Vitor Requiao,R843
Thomas Jun Facchini Takemoto,F776
Pedro Feitosa,F610
Gabriel Dias,D844
Leonardo Kirche,K650
Eladio Ribeiro Neto,R844
Bruno Semenzato,SK66
Alexandre Schnitman,SN16
Rafael Camilo,CB87
Morgan Phillips,P728
Karue Sell,SM88
Bruno Santanna,SN44
Augusto Laranja,LA40
Andre Miele,MD50
Liam Krall,K0IR
Caleb Chakravarthi,C0D4
Adam Neff,N0BE
Zachary Svajda,S0K7
Sloane Stephens,3156
Madison Keys,3169
Jonas Forejtek,F0BT
Jack Pinnington Jones,P0HT
Evan Zhu,Z09K
Elmar Ejupovic,E811
Antonio Muniz Hidalgo,M0F1
Alex Rybakov,RG42
Matias Boeker,B699
Andres Pedroso,P440
Adrian Bohane,B898
Eric Nunez,N334
Alex Clayton,C924
Ty Trombetta,TA01
Stefano Ianni,I097
Daniel Yoo,Y114
Daniel Lustig,L615
Clint Bowles,BF76
Matt Bocko,B981
Jonathan David,D873
Adrians Zguns,Z211
Julien Carsuzaa,CE46
Eric Hechtman,H879
Reid Carleton,CC21
Dennis Lajola,L784
Blake Strode,SI78
Juan Rocha,RC46
Jared Hiltzik,HB41
Zachary Pelts,PL42
Jakub Wojcik,WA96
Ivan Endara,E701
Daniel Kerznerman,KF85
Alvaro Ochoa,O521
Thales Turini,T961
Temur Ismailov,I286
Pavel Krainik,KB12
Patrick Daciek,DA23
Lance Cohen,CF23
Artem Smirnov,SH77
Alan Nunez Aguilera,N714
Edoardo Tessaro,TB55
Boris Kozlov,K0AF
Preston Brown,B0G6
Liam Draxl,D0DP
Johannes Haerteis,HB31
Gonzalo Escobar,E661
Benjamin Lock,LC54
Aziz Dougaz,DF88
Victor Lilov,L0G8
Sultan Khalfan,K346
Nasser-Ghanim Al-Khulaifi,A244
Cristiano Caratti,C270
Mohammed Abdulla,A618
Musaad Al Jazzaf,A503
Abdulla Hajji,H908
Moussa Shanan,SL99
Jaber Nouh,N642
Artur Chernov,CA18
Amer Mezri,MK18
Ali Ghareeb,A570
Hamad Al Mulla,AA74
Amir El-Bayoumy,E807
Sherif Sabry,SG01
Ramy Labna,LC41
Mubarak Zaid,Z344
Mohammed Reda,RA46
John El Khoury,E632
Igor Zelenay,Z134
Filippo Sassi,SO59
Ahmed Abdrabuh,A742
Abdulrahman Al Harib,AB46
Mousa Shanan Zayed,Z367
Jabor Al-Mutawa,AC23
Ali Al-Saygh,AC41
Yahor Yatsyk,Y195
Jassem Al Zeyara,AD00
Issa Shanan Al Harrasi,SY58
Antal Van Der Duim,V494
Abdullah Shannan Alharrasi,SR15
Mubarak Shannan Zayid,AC39
Rashed Nawaf,N0CK
Kris Krawcewicz,KG50
Issa Alharrasi,A0ID
Omar Alawadhi,A499
Joshua Eagle,E122
Karim Alayli,A494
Hamad Abbas Ismail,I212
Ahmad Rabeea,RA36
Troy Gillham,G952
Mahmoud-Nader Al Baloushi,N587
Hashim Abdal,A755
Mohammed Al Nabhani,A653
Hamad Abbas Janahi,A930
Roy De Valk,DD50
Simon Carr,CO11
Adham Gabr,G0FE
Petros Tsitsipas,TG77
Abdulrahman Al Janahi,A0GX
Hady Habib,HF80
Kareem Al Allaf,AG60
Oliver Golding,GC38
Joshua Milton,MH15
Ivan Bjelica,BB20
Duje Kekez,KD14
Dominik Schulz,SM14
Dino Marcan,MH98
Scott Nicolas,N838
Nicolas Reissig,R934
Sudanwa Sitaram,SK26
Jarryd Bant,BI29
Jack Carpenter,CD30
George Morgan,MI41
David Thomson,TB19
Ahmed El Menshawy,E762
Sean Thornley,T965
Scott Sears,SJ26
Nick Cavaday,C893
Matthew Short,SK86
Marcus Willis,W521
Lewis Burton,BI50
Dominic Inglot,I200
David Rice,R923
Toby Martin,ML51
Jordan Cox,CD61
James Marsalek,MK08
James Feaver,F631
Chris Eaton,E673
Barry King,K961
Joshua Ward Hibbert,W700
Jonny O'Mara,O474
Edward Corrie,CA71
Stefan Sterland-Markovic,SM22
Ruan Roelofse,RA24
Richard Gabb,GC36
Neil Pauffley,PC33
Miles Bugby,BG06
Luke Bambridge,BK05
Evan Hoyt,HB89
Adam Thornton-Brown,TB90
Scott Clayton,CE81
Remi Boutillier,BM43
Keelan Oakley,O432
Joe Salisbury,SO70
Jathan Malik,MN74
Marek Jaloviec,J493
Jonathan Gray,GK30
Andrea Basso,BH80
Lui Maxted,M0NJ
Filip Cristian Jianu,J09X
Alastair Gray,G0AO
Mark Whitehouse,W716
Skander Mansouri,ML73
Giles Hussey,H0DC
George Loffhagen,L0CF
Daniel Little,L0EE
Arthur Fery,F0DM
Tiago Sousa,T724
Emanuel Couto,C336
Nuno Matias,M663
Helder Lopes,L341
Diogo Rocha,R630
Bernardo Mota,M406
Frank Condor,C750
David Luque-Velasco,L633
Tiago Godinho,G711
Gero Kretschmer,K719
Vasco Pascoal,PC39
Miguel Almeida,A874
Matias Saenz,SG16
Martin Trueva,T963
Juan-Pablo Yunis,Y150
Jose-Ricardo Nunes,N605
Jose-Manuel Garcia-Rodriguez,G571
Jose Pedro Silva,SA77
Joao Ferreira,F253
Hugo Anao,A564
Goncalo Falcao,F607
Francisco Dias,D928
Vasco Mensurado,MK39
Rodrigo Carvalho,CE32
Joao Silverio,SI32
Joao Maio,M181
Goncalo Pereira,PC37
Andre Caiado,CE33
Renato Assad,AA61
Joao Fernandes,F531
Francisco Ramos,RB70
Diogo Soares,SN55
Agustin Boje-Ordonez,BD42
Filippo Leonardi,L899
Romain Barbosa,BL05
Joao Barra,BL53
Henrique Sousa,SO36
Goncalo Loureiro,LC50
Diogo Rocha,RD02
David Estruch,E243
Artur Completo,CG97
Yannick Thivant,T929
Tiago Lourenco,LH91
Nuno Deus,DC51
Miguel Semedo,SV55
Jordi Munoz-Abreu,MG99
Joao Antonio,AF67
Goncalo Andrade,AF66
Felipe Cunha-Silva,CH84
Duarte Vale,VA15
David Vega Hernandez,V758
Andre Gaspar Murta,GD84
Tiago Cacao,CN88
Francisco Cabral,CL84
Pedro Araujo,A0ES
Henrique Rocha,R0GO
Gianmarco Ferrari,F0CJ
Tobias Simon,SK51
Stefan Fiacan,F823
Sevan Kelpetindjian,KI75
Nicolas Daniel Olguin,O403
Loic Perret,PG91
Gleb Alekseenko,A704
Raphael Baltensperger,BT64
Petr Michnev,MI33
Ivan Gakhov,GE28
Jakub Paul,P0D0
Hanwen Li,L0FW
Lucas Gerch,GF23
Damien Wenger,W09B
Benjamin Hassan,HG94
Titouan Droguet,D0DW
Eduard Esteve Lobato,E830
Daniel Merida,M0N7
Alberto Barroso Campos,BU36
Oscar Burrieza-Lopez,B517
Mario Radic,R421
Lorenzo Manta,M551
Roman Vogeli,K718
Willem Hornikx,H789
Patrik Fischer,F606
Patrick Schnidrig,S989
Mathieu Guenat,G917
Jochen Matschke,MB98
Dylan Sessagesimi,SI67
Yann Dupuy,D502
Patrick Taubert,T964
Julio Peralta,P519
Israel Sevilla-Maruhenda,S965
Raphael Lustenberger,L913
Quentin Robert,RB32
Matthias Wolf,W562
Baptiste Dupuy,D463
Yann Minster,MM05
Raphael Mori,MN22
Quentin Robert,RB04
Martin Prikryl,PD83
Marc Auradou,A517
Luca Schena,SJ01
Joss Espasandin,E736
Jens Hauser,HB17
Federico Valsangiacomo,V715
Dimitri Bretting,BK34
Claude Benz,BJ78
Alexandros Jakupovic,J206
Wilson Leite,LA54
Thierry Roggi,R408
Jacob Kahoun,KC74
Carlos Eduardo Severino,SK30
Alexandre Penaud,PB24
Vadim Alekseenko,A725
Simeon Rossier,RC83
Julien Obry,O410
Jessy Kalambay,KE04
Federico Zeballos,Z239
Daniel Valent,V829
Anton Zaitcev,Z349
Paul Ender,E0DC
Mika Brunold,B0LW
Maximilian Neuchrist,N663
Kilian Feldbausch,F0F4
Alexander Weis,WB19
Tuomas Ketola,K297
Hendrik Dreekmann,D249
Christopher Koderisch,K696
Tristan Farron-Mahon,F619
Jan-Henrik Langhorst,L940
Gunnar Hildebrandt,H659
Franz Stauder,S713
Daniel Lencina-Ribes,L384
Josip Brkic,BD89
Jiri Kosler,K833
Marko Lenz,LA01
Emanuel Fraitzl,F812
Thomas Muster,M099
Filip Veger,V763
Jaan-Frederik Brunken,BG52
Lennart Zynga,Z357
Jay Andrijic,AC76
Philipp Scholz,SU09
Neven Krivokuca,KD77
Matthias Wunner,W655
Henri Squire,S0AK
Ivan Cerovic,C759
Marius Zay,Z115
Tobias Hinzmann,H965
Borut Puc,PD24
Frederik Press,PH36
Finn Meinecke,MJ62
Tim Nekic,N688
Nico Matic,MN08
Lukas Ruepke,RD34
Demian Raab,RC77
Marvin Moeller,M0BN
Jason Jeremy Hildebrandt,H0BU
Niklas Guttau,G0CI
Milan Welte,W0AN
Mats Rosenkranz,RH62
Lenny Hampel,HC99
Lewie Lane,L0BY
Max Hans Rehberg,R0ED
Minh-Quan Do,D532
Aljoscha Thron,T836
Luis Adrian Morejon,M506
Thomas Blake,B619
Diego Veronelli,V239
Travis Parrott,P470
Theron Cole,C878
Nikita Kryvonos,K826
Jason Marshall,M794
Evghenii Corduneanu,C944
Diego Hipperdinger,H391
Bruno Rosa,R607
Sydney Jim,J390
Patrick Briaud,BE04
Harry Fowler,F719
Alexander Reichel,R254
Stephen Bass,BB68
Geoff Gehrke,G974
Daniel Whitehead,W610
Brett Joelson,J309
Ben Chen,CE28
Piero Luisi,L785
Daniel Vallverdu,V475
Alessandro Motti,MA48
Stuart Kenyon,KD45
Ashok Narayana,N705
Nicholas Naumann,N738
Joshua Zavala,Z298
Amrit Narasimhan,N695
Vullnet Tashi,TD06
Nicholas Edlefsen,E740
David Warren,W654
Connor Curry,CH82
Bayo Philips,PH52
Srikar Alla,AD56
Erik Crepaldi,CA62
Bojan Szumanski,SB42
Adam Gustavsson,GH64
David Warren,W933
Sadio Doumbia,D917
Moez Echargui,EA13
Diego Hidalgo,H928
Seongchan Hong,HC21
Simon Larose,L334
Tyler Cleveland,C574
Jonathan Schneider,SE84
Alex Bartlett,BE19
Ryan Thacher,TA21
Tigran Martirosyan,MA96
Colt Gaston,G900
Alexander Domijan,D878
Brian Battistone,B765
Rudolf Siwy,SF18
Haythem Abid,A563
Clay Thompson,TB84
Tristan Boyer,B0EJ
Govind Nanda,N0AL
Sebastian Sec,S0TW
Victoria Osuigwe,9000
Valerie Glozman,9000
Tyra Caterina Grant,9000
Tygen Goldammer,X504
Tristan Stringer,X515
Tianmei Wang,9000
Theadora Rabman,9000
Thea Frodin,9000
Teah Chavez,9000
Tatum Evans,9000
Susanna Maltby,9000
Stiles Brockett,X514
Stephanie Yakoff,9000
StephanePierre Kamendje,X501
Stefan Regalia,X505
Shannon Lam,9000
Sahana Sanjeev,9000
Rudy Quan,Q02O
Roy Horovitz,X510
Rohan Belday,X520
Raphaelle Leroux,9000
Rachel Lee,9000
Qavia Lopez,9000
Piper Charney,9000
Paris Pouatcha,X506
Parashar Bhardwaj,X542
Oliver Bonding,X511
Noah Johnston,X528
Nikola Parichkov,X540
Nikita Filin,X519
Nathaniel Suh,X541
Nathan Blokhin,X531
Nadia Lagaev,9000
Mitchell Lee,X532
Mika Ikemori,9000
Miguel Tobon,T0I3
Meera Jesudason,9000
Meecah Bigun,B0Q0
Maya Joint,9000
Maya Dutta,9000
Maxwell Exsted,X516
Matthew Forbes,X524
Matisse Farzam,X537
Martina Marica,9000
Mariya Dobreva,9000
Maren Urata,9000
Learner Tien,T0HA
Kuang Qing Xu,X01D
Kristina Penickova,9000
Krish Arora,X536
Keegan Rice,R0JI
Keaton Hance,X533
Kaylan Bigun,B0PW
Kayla Chung,9000
Kate Fakih,9000
Kase Schinnerer,X529
Kaitlin Quevedo,9000
Julieta Pareja,9000
Joseph Oyebog Jr,X530
Jordan Reznik,X525
Jessica Bernales,9000
Jagger Leach,X522
Jack Kennedy,X503
Iva Jovic,9000
Isabella Chhiv,9000
Hanu Patel,X507
Francesco Cordova,X523
Emily Sartz-Lunde,9000
Ellie Daniels,9000
Eliana Kook,9000
Dylan Charlap,C0MZ
Duncan Chan,C0OF
Denny Bao,X521
Danny Yassine,X502
Cyrus Mahjoob,X517
Cooper Woestendick,W0DW
Connor Church,X508
Clervie Ngounoue,9000
Calvin Baierl,X526
Brooke Lynn Schafer,9000
Brody Nejedly,X543
Ava Krug,9000
Ava Bruno,9000
Aspen Schuman,9000
Ashton Bowers,9000
Ariana Anazagasty-Pursoo,9000
Anya Murthy,9000
Annika Penickova,9000
Alyssa Ahn,9000
Allie Bittner,9000
Alexander Razeghi,X509
Alanis Hamilton,9000
Ahmani Guichard,9000
Adhithya Ganesan,X512
Adam Farag Cao,F0H7
Abhishek Thorat,T0II
Aayush P Bhat,X518
Emin Agaev,A310
Matthew Behrmann,BB02
Igor Levine,L517
Diego Ayala,A316
Vahid Mirzadeh,MB99
Troy Hahn,H510
Taylor Fogleman,F698
Ryan Preston,PB59
Paul Rose,R668
Jonathan Tragardh,T995
Joe Epkey,E679
Danilo Zivanovic,Z185
Dan Lempa,L879
Justin O'Neal,O174
Justin Diao Natale,N570
Brad Pomeroy,PC61
Ruben Gonzales,G810
Pedro Ast,A749
Michael Rubin,R532
Matthew Allare,A961
Joe Bates,BB44
Javier Herrera-Eguiluz,H653
Dennis Nevolo,N563
Bryan Koniecko,K859
Ashwin Kumar,K902
2021.11.08,11/8
2022.11.07,11/7
Tuna Altuna,A764
Fedor Chervyakov,CE98
Efe Yurtacan,Y193
Barkin Yalcinkale,Y180
Andriej Kapas,K909
Aleksandre Metreveli,MN23
Marc Sieber,SH37
Mert Alkaya,A09Q
Nicolaas Scholtz,SK41
Jean Andersen,A741
Hendrik Coertzen,CC07
Grant Ive,I245
Benjamin Janse van Rensburg,J337
Kevin Ullyett,U024
Steffen Solomon,SN32
Mark Fynn,F723
Thomas Schiessling,S600
Herbert Wiltschnig,W200
Ingo Neumuller,N277
Johannes Ager,A404
Damian Patriarca,P634
Armin Sandbichler,SE31
Ladislav Chramosta,C577
Armin Hirner,H881
Sam Weissborn,W612
Peter Steinberger,SD97
Patrick Ofner,O455
Michael Eibl,E806
Max Raditschnigg,R601
Marc Rath,R996
Josko Topic,T762
Dennis Bloemke,BF89
Daniel Geib,GB30
Mateusz Kowalczyk,K905
Jan Subota,SE48
Matthias Haim,HD64
Joy Vigani,V931
Dominic Weidinger,W711
Dekel Bar,BK52
Stefan Merunka,MK29
Pascal Brunner,BF12
Lukas Jastraunig,J401
Jannis Liniger,LB25
Francois-Arthur Vibert,V635
Sandro Kopp,K0CJ
Moritz Thiem,T0CE
Cheng-Peng Hsieh,H939
Lukas Neumayer,N0CS
Joel Josef Schwrzler,S0WT
Yew-Ming Si,SA86
Stephen Huss,H523
Mohammed-Faizal Bin Othman,BE64
Mohamed Nazim Khan,KC68
Khevan Somasundram,SN12
Kanagaraj Balakrishnan,BE59
Adam Jaya,J265
Abdul-Hazli Bin Zainuddin,BI09
Ariez Elyaas Deen Heshaam,DA53
Wan Abdul Muiz Wan Abdul Aziz,W687
Stanislav Poplavskyy,PF14
Koki Matsunaga,MF45
Ahmed Deedat Abdul Razak,AB68
Syed Mohd Agil Syed Naguib,SN90
Mohd Assri Merzuki,ML47
Colin Wei Ming Wong,W722
Austin Karosi,KB62
Muhammad-Ashaari Bin Zainal Abidin,Z307
Kevin Kung,KA18
Bumpei Sato,SG95
Abdul hazli Zainuddin,Z425
Mithun Murali,MG39
Kento Takeuchi,T885
Joe Cooper,CA44
Hao Sheng Koay,KI34
Zach Itzstein,I277
Roy Hobbs,HA90
Matias Castro,CB67
Ilya Vasilyev,V883
Edward Bourchier,BF49
Congsup Congcar,CM88
Christian Oliver Lee,LB90
Cheong-Eui Kim,K863
Shane La Porte,L772
Jonathan Ribaste,RA21
Dave Lingman,L619
Lee Childs,C627
Mike Bryan,B589
Ian Flanagan,F436
Tom Rushby,R646
Richard Irwin,I178
Neil Bamford,B953
James May,M975
Iain Atkinson,A798
David Brewer,B976
Jamie Whiteford,W677
Andrew Fitzpatrick,F693
Robert Carter,CG82
Piotr Gadomski,GC49
James Ireland,I329
Myles Orton,O481
Harry Skinner,SJ97
George Coupland,CC24
Alexander Jhun,J523
Stuart Parker,P0BK
Billy Harris,HD68
Michael Joyce,J100
Robert Yim,Y100
Denis Golovanov,G446
Adam Kennedy,K612
Sahr Timothy Kpulun,K959
Rylan Rizza,R542
Norman Tam,T977
Noah Newman,N284
Nima Roshan,R853
Kaes Van't Hof,V510
Jeffrey Das,D727
Jason Zimmermann,Z166
Jared Drucker,D891
Gary Sacks,SB63
Eric Basica,B859
Christian Hand,H843
Thomas Liversage,L848
Robert Khoury,KB02
Richard Johnson,J323
Jia-Ping Xia,X002
James Ludlow,L761
J.T. Sundling,SM42
Marcin Kosakowski,K707
Luis Antonio Perez-Perez,P708
Harel Srugo,S823
Aaron Yovan,Y131
Pedro Zerbini,Z334
Egor Puntus,PB66
Andre Dome,DB49
Juan Ignacio Batalla,B0BY
Fernando Cabrera,C672
Carlos Ramirez Utermann,RC92
Alan Raul Sau Franco,S0BB
Alan Magadan,M0HD
Ricardo Rodriguez - Pace,RB00
Oscar Manuel Sanchez Hirales,S0S4
Gage Brymer,BP44
Michail Pervolarakis,PM13
Luis Carlos Alvarez,A0IY
Emilio Bravo,B0OP
Patrick Kypson,K0A3
Omni Kumar,K0EE
Luca Lemaitre,L0HN
Keegan Smith,S0DQ
Jorge Panta,PG56
Eduardo Ribeiro,R09V
Alexandr Cozbinov,CJ60
Julien Mathieu,M902
Antoine Cornut-Chauvinc,C0AZ
Kyrian Jacquet,J0AZ
Ugo Blanchet,BV16
Mayeul Darras,D0EG
Pablo Llamas Ruiz,L0CX
Daniel Michalski,M0E1
Alvaro Lopez San Martin,LF29
Juan-Luis Rascon-Lope,R240
Alvaro Cajigal,CD19
Albert Alcaraz Ivorra,AB40
Hasier Pastor,PF64
Adam Sanjurjo Hermida,SO57
Georgi Rumenov Payakov,R882
Miguel Semmler,SQ97
Jorge Plans,P0E2
Alejandro Moro Canas,M0HT
Reda Bennani,B0PU
Mariano Albert-Ferrando,A467
Marc Othman Ktiri,K0G8
Amine Ahouda,AF32
Alexander Zhurbin,Z301
Ismail Saadi,S0GJ
Adam Moundir,MP94
Rafael Matos,MO41
Mehdi Benchakroun,B0M1
Younes Lalami Laaroussi,L0CK
Walid Ahouda,A0EY
Orest Tereshchuk,T333
Sebastien Lami,L387
Laurent Vigne,V542
Frederic Jeanclaude,J279
Florent Scaccianoce,SE37
Arnaud Agniel,A732
Romain Hardy,H830
Pierrick Ysern,Y117
Pierre Metenier,ME86
Andoni Vivanco-Guzman,V571
Thibault Venturino,V685
Jonathan Hilaire,H673
Jerome Inzerillo,I229
Maxime Tchoutakian,TB79
Martin Vaisse,V790
Tak Khunn Wang,W597
Chieh-Fu Wang,W679
Theo Fournerie,F916
Andres Artunedo Martinavarro,AB17
Clement Larriere,LH74
Timo Legout,L0ER
Sascha Gueymard Wayenburg,G0GW
Clement Chidekh,C0BH
Zach Dailey,D677
Lesley Joseph,J200
Jorge Vazquez-Catoira,V418
Damien Spizzo,S827
David O'Hare,O370
Connor Glennon,GE61
Joan-Marc Grimal-Ferrer,GA72
Ian Chadwell,CM74
Dimitar Kutrovsky,K918
David O'leary,O409
Cedric De Zutter,DB51
Jarryd Woog,WB27
Andrew Watson,WB14
Whit Livingston,L988
Julien Maes,M808
Jonathan Laubut,L771
Herve Karcher,K458
Gregorio Espinosa Muller,E739
Gael Particelli,PC95
Antoine Feret,F705
Holger Fischer,F377
Chris Klingemann,K858
Andre Wiesler,W462
Valentin Sanon,S802
Olivier Borsos,BH00
Marc Steger,S902
Jean-Noel Insausti,I255
Simon Cauvard,CB97
Tristan Gabriel,G826
Kevin Botti,BE83
Ugo Nastasi,N718
Sebastien Boltz,BJ37
Laurent Malouli,MK43
Jean-Pascal Vernet,V765
Hugo Schott,SQ86
Emmanuel Greff,G499
Sascha Meis,MI73
Pascal Meis,MI74
Hugo Perrin,PG77
Karl Wegner,WA93
Jan Oliver Sadlowski,SU23
Elie Rousset,RA15
Alexander Igoshin,I295
Teri Groll,GC03
Gregoire Jacq,J557
Julien Dubail,D808
Boris Fassbender,FC25
Rayane Roumane,RH54
Artem Dubrivnyy,DG97
Deiton Baughman,BM19
Vasil Kirkov,K0A4
Axel Geller,G0AB
Toby Kodat,K0EU
Martin Damm,D0DT
Gustavo Heide,H0DU
Thomas Drouet,D468
Sebastien Couberes,C945
Guillaume Couillard,C510
Romain Arneodo,AA81
Lucas Catarina,CN78
Amaury Delmas,D0AQ
Sami Reinwein,RA62
Dorian Descloix,D862
Clement Maas,MM20
Ivan Arenas-Gualda,A787
David Perez Sanz,PF36
Rudy Coco,CB36
Kevin Boumlil,BJ76
Bastien Favier,F859
Antoine Benneteau,BB97
Thomas Laurent,LI11
Stanislav Vovk,V627
Claudio Fortuna,F747
Rob Steckley,S847
Bruno Agostinelli,A707
Tommy Mylnikov,MP62
Isade Juneau,J525
David Volfson,VA19
Samuel Monette,MM10
Raheel Manji,MQ70
Benjamin Sigouin,SX96
Antoine Leduc,LB06
Juan Carlos Aguilar,A09W
Jaden Weekes,W0DP
Victor Kozin,K778
Syrym Abdukhalikov,A706
Mikhail Lifshits,L762
Alexey Kedryuk,K407
Alexander Yarmola,Y062
Sergei Krotiouk,K384
Sergei Demekhine,D555
Ilia Starkov,SL56
Danila Arsenov,A861
Anton Manegin,MH10
Andrei Karatchenia,K872
Alexei Filenkov,F417
Vaja Uzakov,U081
Roman Kislyanskiy,K875
Mikhail Fufygin,F703
Mikhail Biryukov,BH66
Deniss Pavlovs,P693
Alexey Iremashvili,I241
Shalva Dzhanashiya,DA30
Sergey Strelkov,SK13
Roman Tudoreanu,TA22
Richard Muzaev,MJ56
Ervand Gasparyan,G764
Dmitri Marfinsky,MF02
Artem Pudovkin,PD87
Vitali Reshetnikov,R927
Victor Baluda,BI53
Murad Inoyatov,I151
Ilia Shatskiy,SM05
Ashot Khacharyan,KB26
Aliaksandr Bury,BD83
Alexander Rumyantsev,RB17
Evgeny Elistratov,E857
Dzmitry Zhyrmont,Z248
Alexander Vasilenko,V850
Vladimir Polyakov,PF03
Stepan Khotulev,KA69
Boris Pokotilov,PJ17
Yaraslav Shyla,SK97
Blazej Koniusz,K945
Vladimir Ivanov,I067
Ivan Denisov,D09V
Dmitry Surchenko,SN04
Alexander Perfilov,PD10
Evgenii Tiurnev,TD47
Sanjar Fayziev,F786
Alibek Kachmazov,K0E6
Alen Avidzba,A0AO
Yaroslav Demin,D0I6
Maxim Zhukov,Z0C3
Vivek Shokeen,SG28
Vijay Kannan,K398
Tushar Liberhan,L719
Neishit Vakil,V632
Christopher Marquis,MG93
Akash Gujrati,GB11
Jan Frode Andersen,A276
Michal Navratil,N343
Marcel Zimmermann,Z161
Marc Meigel,MF04
Navid Johannigmann,J398
Christian Magg,M996
Adam Chadaj,C660
Philipp Schneider,SH25
Janez Semrajc,SI56
Kevin Deden,D626
Stephan Hoiss,H984
Peter Heller,HA33
Valentino Pest,P104
Maximilian Kolleritsch,KD34
Lado Chikhladze,C879
Steven Moneke,ME29
Moritz Baumann,BG08
Kevin Kaczynski,KD88
Walter Trusendi,T868
Adrian Obert,O484
Sebastian Prechtel,PL38
Roberto Affonso,AC01
Florian Fallert,F762
Alexander Braun,BO09
Charly Zick,Z09I
Philip Florig,F0FF
Todd Paul,PB27
Roy Kalmanovich,K922
Kabelo Maleka,MA12
Patrick Frandji,F714
Arthur Beavis,BH64
Anthony Assal,A975
Adriano Biasella,B763
Marc Powers,PE94
Adam El Mihdawy,E720
Kirill Kasyanov,KD78
Jonathan Pastel,P443
Gary Kushnirovich,KI35
Roy Smith,S0DH
Jack Mingjie Lin,LI16
Cannon Kingsley,K0DB
Ben Ellwood,E143
Thomas Shimada,S579
Takahiro Terachi,T277
Rodrigo-Antonio Grilli,G385
Harry Cicma,C864
Dominic Pagon,PD35
Jamie Gresh,G811
Damar Johnson,J239
Christian W. Schultz,SM67
Henry Steer,SP26
Andrew Dzulynsky,DB28
Yuichi Ito,I183
Rishabh Mehra,MO19
Brandon Burke,BI15
Krasimir Kolev,KC55
Christo Schultz,ST27
Sarvar Ikramov,I164
Sandor Noszaly,N112
Tom Jomby,J439
Nicholas S. Hu,HH48
Dmytro Kamynin,K957
Arthur Surreaux,SR55
William Blumberg,BT45
Karl Poling,P0C1
Yun seong Chung,CH90
Jaimee Floyd Angele,A0B6
Eliot Spizzirri,S0JA
Alafia Ayeni,A09P
3rd/4th Place Match,3rd/
2017.11.06,11/6
2018.11.05,11/5
2019.11.04,11/4
Alexandre Pierson,PH16
Cedrick Commin,CD98
Alexandre Massa,MM02
Jonathan Gomont,GJ23
Christian Mohs,MK36
Louis Tessa,TG42
Gabriel Petit,PL78
2017.11.13,11/1
2018.11.12,11/1
2019.11.11,11/1
2020.11.16,11/1
2021.11.15,11/1
2022.11.14,11/1
Jonathan Stark,S403
Barry Cowan,C387
Sebastian Fitz,F323
Mark Hilton,H448
Tom Williams,W554
Thomas Knights,KA67
Robert Chambers,CB77
Lewis Barnes,BF01
James Prescott,PB75
Graeme Dyce,D861
Daniel Cottier,C998
Chris Harfield,H875
Boris Obama,O336
Ben Dunbar,D876
Ryan James Storrie,SY31
Simon Anthony Ivanov,I427
Rodolfo Pereira,PH48
Eduardo Lameiras,LE13
Alessandro Petrone,PC63
Roberto Carretero,C383
Javier Garcia-Sintes,G401
Marcello Craca,C439
Tomas Tenconi,T332
 Bye1,"00"">"
Torsten Popp,P620
Pascal Benz,BF83
Vjekoslav Skenderovic,SB23
Marcio Torres,T281
Kevin Sorensen,S948
Jurgen Gundera,GA26
Jayesh Pungliya,PM27
Manish Sureshkumar,SY74
Manas Dhamne,D0JI
Aditya Vishal Balsekar,V0GI
Ryusei Makiguchi,MF95
Pedro Bernardi,BH51
Mauricio Echazu,E702
Camilo Ponce,PL95
Marcelo Zormann,Z363
Antonioni Fasano,FA48
Joao Pedro Sorgi,SK69
Natan Rodrigues,R0EK
Mateus Alves,D0AR
Pedro Boscardin Dias,B0FI
Joao Lucas Reis Da Silva,R0A7
Joao Fonseca,F0FV
Cedric Kauffmann,K306
Mariano Delfino,D347
Stephane Piro,PC34
Johan Tatlot,TC95
Corentin Denolly,DF92
Baptiste Crepatte,CM79
Sean Cuenin,C0JX
Gabriel Debru,D0HD
Duje Ajdukovic,A0CJ
Clement Tabur,T09X
Terence Atmane,A0GC
Raphael Collignon,C0JP
Patrick Kypson,sr:c
Mathys Erhard,E0AC
Felipe Meligeni Alves,sr:c
Dan Added,A09T
Arthur Gea,g0ix
Antoine Ghibaudo,g0iw
Mose Navarra,N230
Antonio Comporto,CA28
Omar Giacalone,GB94
Riccardo Balzerani,BV17
Giovanni Fonio,FC49
David De Goede,DA29
Lennert Van Der Linden,V682
Fabian Van Der Lans,V855
Adrian Sikora,SE78
Niels Lootsma,LE38
Guy Den Heijer,DH18
Ryan Nijboer,N0B4
Yui Kamiji,9000
Tom Egberink,X505
Takuya Miki,X504
Sidane Pontjodikromo,P0BE
Ruben Spaargaren,X502
Nico Langmann,L0GE
Max Houkes,H0CX
Martin De La Puente,X503
Maikel Scheffers,X506
Lucy Shuker,9000
Lizzy De Greef,9000
Joachim Gerard,X501
Jiske Griffioen,9000
Gustavo Fernandez,X500
Guilhem Laget,X509
Gordon Reid,X508
Diede De Groot,9000
Cornelia Oosthuizen,9000
Ben Bartram,X507
Aniek Van Koot,9000
Alfie Hewett,H0CM
August Holmgren,H09N
Sebastian Fanselow,F664
Hudson Rivera,R0FQ
Giovanni Oradini,O639
Tin Dong,D540
Rick Kepler,K194
Pablo Pires de Almeida,P537
Jordan Kepler,KA04
Jeff Gast,GA61
Denny Fafek,F684
Dejan Djokic,D363
Darrin Cohen,CB65
Christoph Palmanshofer,P552
Brandon Coupe,C408
Brad Weston,W312
Daniel Chu,CC84
Christopher Lam,L709
Bijan Hejazi,H927
John Lamble,LB20
Daniel McCall,ML41
Ivan Anikanov,A679
Eric Johnson,J505
Brian Brogan,BH36
Clayton Almeida,A380
Boris Nicola Bakalov,BF34
Victor Nunez,N583
Tomislav Jotovski,J378
Rodrigo Perez,PC21
Matias Sborowitz,SL89
Guillermo Rivera-Aranguiz,R814
Guillermo Hormazabal,H563
Gonzalo Urruticoechea,U135
Cristobal Saavedra-Corvalan,SJ25
Alex Theiler,TA18
Victor Morales,MI17
Ricardo Urzua-Rivera,U105
Osvaldo Aguirre,AB47
Nicolas Gustavo Kauer,KB01
Michel Vernier,V731
Juan-Sebastian Vivanco,V628
Juan Carlos Saez,SL85
Javier Munoz,MK59
Gonzalo De Urruticoechea,DB16
Felipe Rios,RB58
Vadym Ursu,U176
Matias Gaedechens,G0GX
Martin Cuevas,CC98
Daniel Antonio Nunez,N0BU
Benjamin Torres,T0FN
Victor Hugo Portugal Pereira,PJ31
Osni Junior,J552
Marcos Vinicius Dias,D946
Joao Walendowsky,W640
Idio Escobar,E728
Eduardo Dischinger,D915
Charles Costa,CD39
Alexandre Tsuchiya,TB05
Fabricio Neis,N532
Caio Silva,SK48
Gustavo Teisen Pereira,T0B5
Fernando Yamacita,Y223
Jay Gooding,G404
Tripp Phillips,P452
Sho Shimabukuro,SY67
Jea Moon Lee,LB78
Yong-Il Yoon,Y033
Yaoki Ishii,I062
Shan Jiang,J203
Robbie Koenig,K219
Michihisa Onoda,O145
Michael Tebbutt,T195
Yu Cheng Li,LA08
Zhao Cai,CF05
Siyu Liu,LC90
Hao Zhang,Z394
Aoran Wang,W741
Zhaoyi Cao,CG42
Zhuoyang Qiu,Q949
Runhao Hua,HC23
Zhuo Zhang,Z377
Zhicheng Zhu,Z412
Zhao-Tai Li,LD35
Xiao Gong,GE09
Jiacheng Zhu,Z413
Nicholas Reyes,RD46
Long Chen,CM82
Haitong Xia,X014
Mikolaj Borkowski,BG32
Shaheed Alam,A0CG
Robert Galloway,G09V
Fabrizio Ornago,O423
Alex Lawson,L0AI
Alexander Donski,DH46
Gabriel Donev,DC83
Petr Nesterov,N0CJ
Krystian Pfeiffer,P535
Radoslaw Nijaki,N314
Kim Tiilikainen,T207
Bartlomiej Dabrowski,D239
Filip Urban,U057
Tomasz Krzyszkowski,K925
Piotr Dilaj,D615
Piotr Cialkowski,CC60
Pawel Syrewicz,SG37
Pawel Glodkowski,G941
Pawel Dilaj,D614
Michal Sekula,SH13
Marek Mrozek,MF40
Marcin Gawron,G978
Kacper Owsian,O259
Jakub Piter,PC65
David Kuczer,K583
Artur Romanowski,R775
Andrzej Grusiecki,G591
Alexander Shvec,S674
Vadim Davletshin,D519
Vladimir Karusevich,KA74
Igor Rud,R984
Vladyslav Klymenko,K960
Mikhail Balmashev,BH74
Andrei Plotniy,PB97
Aleksander Vasin,V537
Svyatoslav Knyazev,KD19
Irakli Marutian,MJ51
Beka Komakhidze,K877
Andrei Vasilevski,V613
Aleksandr Agafonov,A663
Saar Steele,S932
Vugar Aliev,A967
Volodoymyr Uzhylovskyi,U107
Timofey Skripkin,SI83
Nikolai Fidirko,F620
Nikita Gudozhnikov,GF33
Artur Gusev,GF24
Vitaliy Kachanovskiy,KB47
Timur Razmaitov,RD32
Teimouraz Metreveli,MN41
Pavel Zelenkin,Z103
Mikhail Vaks,V820
Kirill Saplin,SQ56
Dmitrii Dosuzhev,DE34
Artur Madzhar,MM84
Vitaly Kozyukov,KE19
Philipp Klimov,K09S
Pavel Shchaya-Zubrov,SR80
Kirill Kivattsev,KI71
Alexander Ovcharov,O675
Aleksei Khomich,KG28
Maxim Kravtsov,KE61
Yshai Oliel,O674
Jan Kroslak,K296
Ivaylo Traykov,T240
Jan Weinzierl,W201
Marco Mirnegg,M997
Nima Madami,MJ91
Mattia Livraghi,L473
Jesper Cederlind,CE76
Erik Moberg,ML14
Nikolaus Moser,MG55
Markus Schultz,SR13
Elliot Carnello,CH59
Claudio Grassi,G813
Christoffer Solberg,SQ33
Anton Waern,W721
Ante Tepic,TD04
Herkko Pollanen,PF69
Marc Giner,GB71
Magnus Eriksson,E876
Dmytro Badanov,BE95
Simon Yitbarek,Y09U
Simon Freund,FA69
Cristian Rodriguez,R913
Daniel Krajnovic,K647
Martin Sinner,S367
Tassilo Schmid,SN92
Sebastian Sachs,SM03
Marko Zelch,Z242
Remko de Rijke,D718
Jochen Nufer,N365
Jan Blecha,BF82
Fabian Schmid,SE05
Yannick Offermans,O503
Ivan Gomez Mantilla,GD39
Christian Wickenhauser,W633
Blaz Seric,SQ14
Victor Schmid,SF55
Nicolas Ernst,E861
Lukas Winkelmann,W803
Adriano Quinti,Q938
Sebastian Buehler,BT69
Jonas Luetjen,L993
Isa Mammetgulyyev,MV58
Mateusz Terczynski,TC46
Jannik Maute,M0OW
Jakub Herm-Zahlava,H437
Raphael Durek,D526
Luke Bourgeois,B600
Jurek Stasiak,S637
Steven Goh,G899
Simon Ede,E804
Mayez Jupiter Elrich,E09O
Blade Fong,F807
Moerani Bouzige,B0EK
Dmitri Tomashevich,T212
Daniel Cukierman,CL82
Andrey Chepelev,CO01
2001.11.12,11/1
2002.11.11,11/1
2003.11.10,11/1
2004.11.15,11/1
2005.11.14,11/1
2006.11.13,11/1
2007.11.12,11/1
2008.11.10,11/1
Joji Miyao,M864
Doug Bohaboy,B841
Takahiro Ittogi,I198
Tetsuya Chaen,C371
Toshiharu Kato,K401
Oh-Hee Kwon,K418
Jae-Sung An,A478
Guilherme Ochiai,O230
Junn Mitsuhashi,MG88
Yusuke Watanuki,W609
Naoki Nakagawa,N707
Kaito Uesugi,U174
Yuta Shimizu,S0AQ
Yuki Mochizuki,M0B2
Shintaro Imai,I330
Ryota Tanuma,TG46
Milan Pokrajac,PB23
Marco Gualdi,G649
Zachary White,W617
Eric Vehovec,V854
Christian Lakoseljac,L0AO
Justin Boulais,B0F8
Dan Martin,M0C2
Iztok Bozic,B414
Ivan Vajda,V226
Luka Belic,BD05
Tibor Simic,SI14
Rok Jarc,J272
Predrag Rusevski,R511
Patrick Schmolzer,SB22
Patrick Gamauf,G866
Marin Bradaric,BC14
Kresimir Ritz,R311
Ivan Zovko,Z261
Aleksandar Maric,MC42
Marko Boskovic,BF13
Vedran Siljegovic,SG86
Ilija Vucic,V624
Daniel Danilovic,D749
Albert Loncaric,L565
Marin Draganja,D934
Marcel Ruzic,RA38
Kornel Bardoczky,B649
Christoph Lessiak,L856
Antonio Lupieri,LB39
Andraz Bedene,BG41
Nils Muschiol,m999
Mike Urbanija,U133
Marin Franjicevic,F727
Jasmin Ademovic,A931
Bjorn Propst,PC76
Agustin Gonzalez,GE22
Saso Bende,BD97
Jose Antonio Salazar Martin,SO56
Ivo Mijic,MF54
Filip Serdarusic,SM16
Tomislav Draganja,DB69
Tom Kocevar-Desman,H986
Tilen Zitnik,Z316
Miha Mlakar,MF30
Matej Svjetlicic,SR66
Luka Zaninovic,Z270
Deni Zmak,Z262
Andres Arce,AE03
Tomislav Ternar,TA30
Stjepan Cagalj,CJ68
Nikolas Walterscheid-Tukic,W804
Mile Cilic,CH35
Pietro Licciardi,LD05
Patrik Sudic,SY75
Mladen Mitak,MP22
Fran Zvonimir Zgombic,Z395
Domagoj Biljesko,BM45
Denis Bejtulahi,BD91
Rocco Savin,S0CD
Nik Razborsek,RB89
Admir Kalender,K0C5
Javier Barranco Cosano,BV25
Mili Poljicak,P0GQ
Jerko Brkic,B0LX
Radoslav Lukaev,L504
Stefan Wauters,W306
Matt Bruch,BE10
Travis Helgeson,H715
Ryan Lipman,LB19
Luigi D'Agord,D837
Eric Gomes,G323
Johannes Robert Van Overbeek,V692
Alexios Halebian,HA47
Tom Fawcett,F974
Martin Redlicki,RC93
Sam Riffice,R0A5
Oliver Crawford,C0AK
Murphy Cassone,C0HT
Juan Bautista Torres,T0DM
Francisco Comesana,C0DF
Israel Matos Gil,M934
Miquel Perez Puigdomenech,P713
Jordi Marse-Vidri,MA03
Christopher Dekker,D871
Benedikt Eger,E723
Antoni Gomez,GA03
Antoine Champagne,CC27
Alen Bisevac,BE81
Adolfo Gomez Pinter,G733
Sergio Perez-Perez,PA07
Marcelo Palacios-Siegenthale,PC70
Juan Lopez Vico,L968
Javier Peris,PA94
Ignacio Carbonell,CD13
Amador Romero-Torres,R757
Pedro Rico,R457
Pablo Garcia-Gaitan,G462
Arnau Sanz Sanz,SM81
Carlos Garcia-Villanueva,G944
Jordan Correia,CN08
Konstantin Don Gruber,G426
Mathias Feitsch,F628
Filip Havaj,H963
Philip Lang,LA50
Oliver Ceranic,CG67
Marius Pimishofer,PF81
Mario Haider-Maurer,H790
Marco Prochazka,PJ75
Johannes Schretter,SP39
Jan Poskocil,PG58
Daniel Eger,E923
David Pichler,PI95
Patricio Arquez,A318
Phillip Harboe,H465
Felipe Parada,P518
Luis Ignacio Morales,MI37
Borja Malo,ME45
Ignacio Lehyt,LA18
Francisco Olivares,O317
Emiliano Garcia-Blanksman,GA90
David Veliz-Lepe,V552
Angel Torres,TA17
Bastian Malla,MM24
Myrohn Miranda,MU90
Joao Riquelme,RD06
Felipe Garces,GE56
Diego Vives,V834
David Fleming,F759
Wojciech Starakiewicz,SI63
Slawomir Szeremeta,SJ90
Robert Godlewski,G737
Michal Wlodarczyk,W442
Mateusz Szmigiel,SJ04
Lucas Arnold Ker,A228
Jedrzej Zarski,Z125
Filip Rams,R982
Dawid Celt,C938
Dariusz Lipka,L738
Paul Harsanyi,H354
Trevor Spracklin,S949
Miles MacLagan,M480
Andrew Carlson,C805
Marcus Fugate,F536
Junior A. Ore,O388
Andrew Adams,AB85
Justin S. Shane,SO47
Nikita-Girey Demir,D0AU
Leon Vessels,V0AD
Ryan Goetz,G0CP
Danny Thomas,T0A8
Damon Gooch,GB76
Connor Farren,F824
Hunter Koontz,K0E0
Andrew Fenty,F0CK
Robert Maciag,M0HP
Ryan Colby,C0KV
Benjamin Kittay,K0HS
Kyle Seelig,SZ28
James Trotter,T0BW
Luke Milligan,M607
Artem Derepasko,D359
Justin Bower,B645
David Sherwood,S818
Edward Seator,SG50
Anton Matusevich,M0FA
Aidan McHugh,M0CW
William Jansen,J0CT
Felix Gill,G0EU
XXXXXX De Jong,D0DS
Luca Pow,P0JL
Charles Broom,BV21
Yunchaokete Bu,Y09V
Toby Samuel,S0TM
Johannus Monday,M0ON
Harry Wendelken,W0AH
George Loffhagen,sr:c
Robbye Poole,PB31
Mitchell J. Polnet,PF84
Hunter Harrington,HA50
Christian Welte,W488
John Harrison Richmond,RC86
David Hopkins,HB81
Amogh Prabhakar,PE64
Strong Kirchheimer,KG27
Romain Bogaerts,BK85
Pedro Dumont,GD92
Keith-Patrick Crowley,CC57
Aws Laaribi,LE79
Adam Lee,LC37
Quinton Vega,VA16
Maksim Kan,KI17
Jonathan Ho,HB56
Anthony Delcore,DB22
Sam Bloom,B09M
Keivon Tabrizi,TE23
Christian Seraphim,S09L
Petros Chrysochos,CH73
Dennis Uspensky,U149
Julian Zlobinsky,Z452
Taha Baadi,B0D6
Eduardo Nava,N762
Menelaos Efstathiou,EA31
Inaki Montes-De La Torre,M0NL
Filippo Moroni,M0GP
Alexey Zakharov,Z0AB
Adam Walton,W09E
2001.05.21,5/21
2002.05.20,5/20
2003.05.19,5/19
2004.05.17,5/17
2005.05.16,5/16
2006.05.22,5/22
2007.05.21,5/21
2008.05.19,5/19
2009.05.18,5/18
2010.05.17,5/17
2011.05.16,5/16
2012.05.21,5/21
Petar Jelenic,J365
Vilim Visak,V467
Nikola Martinovic,MC66
Silvio Dadic,D856
Ivan Turudic,TA47
Tomislav Gregurovic,GD25
Marko Mijacevic,MG75
Marko Lovrinovic,L953
Ivan Blazevic,BI87
Gyorgy Balazs,BA01
Antun Pehar,PF78
Ante Bilic,BF28
Mislav Hizak,H723
Franko Miocic,MN36
Zhao Zhao,Z09X
